Name,0,1,2,3,4,5,6,7,8,9,10,11,12,13,14,15,16,17,18,19,20,21,22,23,24,25,26,27,28,29,30,31
ISIC_0010666,0.509547,0.8753047,0.49429858,0.0,0.0,1.0398188,0.0,0.0,0.7391399,0.0,1.3294437,0.0,0.0,0.0,1.6167006,0.0,0.31829306,2.1397338,0.0,0.0,0.0,0.0,1.2372445,0.69131786,0.0,1.1387105,0.93550944,0.7205222,0.0,1.3268157,1.0303353,0.629323
ISIC_0010350,0.34747893,0.8617753,0.45159012,0.0,0.0,1.0502118,0.0,0.0,0.76355505,0.0,1.1806263,0.0,0.0,0.0,1.5047338,0.0,0.15149271,2.2382872,0.0,0.0,0.0,0.0,1.3444009,0.7171196,0.0,1.0426823,0.8382681,0.7399965,0.0,1.489673,1.1488558,0.5083086
ISIC_0009991,1.178264,1.234309,1.4418515,0.0,0.0,2.4709916,0.0,0.0,1.7005771,0.0,1.0234426,0.0,0.0,0.0,2.2115147,0.0,1.2450793,2.5233955,0.0,0.0,0.0,0.0,1.9329985,1.0785203,0.0,1.5729808,1.0074146,2.1481104,0.0,2.5376642,1.7254052,0.8852584
ISIC_0011380,0.4525215,1.1163359,0.80181384,0.0,0.0,1.3271102,0.0,0.0,0.74750686,0.0,1.2544585,0.0,0.0,0.0,2.0385773,0.0,0.2723291,2.7650328,0.0,0.0,0.0,0.0,1.6965368,0.6385538,0.0,1.5502378,1.0406156,1.0783201,0.0,1.7706199,1.1379528,0.7595851
ISIC_0010519,0.3001725,0.80920476,0.32840747,0.0,0.0,0.9089917,0.0,0.0,0.6530182,0.0,1.2645403,0.0,0.0,0.062794685,1.4357243,0.0,0.19621295,2.037315,0.0,0.0,0.0,0.0,1.2320042,0.61987007,0.0,0.9566559,0.92467207,0.5991444,0.0,1.2802973,0.9773041,0.5437932
ISIC_0011007,1.0949681,1.3881269,1.7376114,0.0,0.0,2.2327552,0.0,0.0,1.5934671,0.0,1.0802945,0.0,0.0,0.0,2.6282787,0.0,0.75921166,3.6717186,0.0,0.0,0.06239465,0.0,2.5796947,0.7224542,0.0,2.446276,1.0929332,2.1470253,0.0,3.2470942,1.5739387,1.2174469
ISIC_0011024,4.489416,2.319313,6.1709013,2.5099275,0.0,7.1281376,0.0,0.0,5.3479156,0.0,0.0,0.37932098,0.0,0.0,3.3381782,0.0,4.2092075,3.3350222,0.0,0.0,2.946615,0.0,3.013744,1.558721,0.0,2.9763741,0.0,6.590123,0.0,6.8247123,4.6082625,1.1154631
ISIC_0010340,0.43982345,1.011225,0.6302065,0.0,0.0,1.2227156,0.0,0.0,0.95805967,0.0,1.1291721,0.0,0.0,0.0,1.7560318,0.0,0.32963634,2.4977572,0.0,0.0,0.0,0.0,1.4296327,0.6828243,0.0,1.2608563,0.8851891,0.99908936,0.0,1.7461416,1.0860225,0.6659294
ISIC_0010758,0.7344923,1.3531091,1.0870146,0.0,0.0,1.5827378,0.0,0.0,0.8646202,0.0,1.3834275,0.0,0.0,0.0,2.1564116,0.0,0.6076838,3.0274096,0.0,0.0,0.0,0.0,1.7252343,0.6662779,0.0,1.8447491,0.92267054,1.4304552,0.0,1.8692598,1.2602415,1.1163952
ISIC_0010425,0.95097375,1.3555117,1.4037801,0.0,0.0,2.1589146,0.0,0.0,1.7161117,0.0,0.8772414,0.0,0.0,0.0,2.2712393,0.0,0.5833678,3.5449996,0.0,0.0,0.0,0.0,2.3175066,0.9214438,0.0,2.0535252,0.7439601,1.9017214,0.0,3.1760511,1.7831266,0.84567434
ISIC_0010938,0.88223505,1.2558746,1.4520564,0.0,0.0,2.0915804,0.0,0.0,1.498499,0.0,1.0410975,0.0,0.0,0.0,2.4201145,0.0,0.6556775,3.3243842,0.0,0.0,0.0,0.0,2.195563,0.82801867,0.0,2.0708838,1.0570686,1.8306583,0.0,2.8197908,1.5414599,1.0329822
ISIC_0010129,1.5980959,1.6365583,2.3678713,0.0,0.0,3.2593856,0.0,0.0,2.5167606,0.0,0.45261878,0.0,0.0,0.0,2.7251482,0.0,1.6421914,3.9544516,0.0,0.0,0.5933604,0.0,3.0806768,0.9999847,0.0,2.7131195,0.27463636,3.095236,0.0,4.2392697,2.5749495,1.1385752
ISIC_0011287,0.97780097,1.2515173,1.0547833,0.0,0.0,1.4735584,0.0,0.0,0.4810746,0.0,1.7312009,0.0,0.0,0.0,2.3780594,0.0,0.66278994,2.4132533,0.0,0.0,0.0,0.0,2.2188492,0.40939492,0.0,2.1071234,1.4599556,1.2076153,0.0,1.768263,1.2631159,0.8282453
ISIC_0011133,0.7418814,0.8803407,0.6979495,0.0,0.0,0.9459091,0.0,0.0,0.27971637,0.0,1.6943222,0.0,0.0,0.0,1.9290581,0.0,0.6231164,1.7704197,0.0,0.0,0.0,0.0,1.136312,0.49041095,0.0,1.4068002,1.3750747,0.65660393,0.0,0.87113035,0.86753166,0.8299932
ISIC_0009920,1.1497735,1.2076347,1.1357263,0.0,0.0,1.6301873,0.0,0.0,0.60363793,0.0,1.7297338,0.0,0.0,0.0,2.4751062,0.0,0.5780905,2.9808779,0.0,0.0,0.0,0.0,2.4917634,0.4558659,0.0,2.3313484,1.2340024,1.5127599,0.0,2.2604206,1.4125961,0.9169072
ISIC_0010629,1.1326541,1.3328576,1.3791459,0.0,0.0,1.8106833,0.0,0.0,0.7089509,0.0,1.4992226,0.0,0.0,0.0,2.7166712,0.0,0.5521833,3.376427,0.0,0.0,0.0,0.0,2.823213,0.5455763,0.0,2.4444883,1.2386626,1.6914573,0.0,2.6228313,1.514975,1.0729244
ISIC_0010602,0.9948518,1.3644552,1.5991987,0.0,0.0,2.2602859,0.0,0.0,2.037733,0.0,0.76290417,0.0,0.0,0.0,2.1656344,0.0,0.6581818,3.4566221,0.0,0.0,0.0,0.0,1.7816676,1.0952089,0.0,1.793593,0.6503555,1.9523417,0.0,3.1367755,1.7152756,1.0209383
ISIC_0011240,0.7523209,1.0454011,0.82027763,0.0,0.0,0.96466655,0.0,0.0,0.41279054,0.0,1.6951251,0.0,0.0,0.0,2.000525,0.0,0.59149766,2.0397108,0.0,0.0,0.0,0.0,1.1446582,0.5487239,0.0,1.4356886,1.2410506,0.78258234,0.0,0.8215015,0.9651997,0.9093541
ISIC_0010773,0.06795642,0.4027847,0.04987459,0.0,0.19373994,0.62308204,0.0,0.02647414,0.20785941,0.01589486,1.3241639,0.0,0.18561587,0.4309078,1.0269611,0.0,0.00080001354,1.4738182,0.0,0.18462792,0.0,0.0,0.93716896,0.45875347,0.0,0.55899316,0.82806677,0.21773826,0.4976343,0.605719,0.6172273,0.52381563
ISIC_0011123,0.17631668,0.48489103,0.094476834,0.0,0.090522066,0.57081544,0.0,0.05790569,0.18683487,0.0023820177,1.4007496,0.0,0.103787154,0.26681978,1.2232604,0.012806155,0.07847683,1.4138836,0.0,0.116608806,0.0,0.0,0.98747575,0.41974133,0.0,0.5476608,0.8579452,0.29164255,0.549069,0.38464886,0.5667126,0.67843735
ISIC_0009869,0.532333,0.8605184,0.49763763,0.0,0.0,0.94200206,0.0,0.0,0.32541466,0.0,1.5016646,0.0,0.0,0.0,1.7171242,0.0,0.31934717,1.8258623,0.0,0.0,0.0,0.0,1.3389058,0.49371767,0.0,1.2167451,1.1239955,0.6031046,0.0,1.0250584,0.97727436,0.60982364
ISIC_0010900,0.0,0.0,0.0,0.0,0.7829818,0.15878513,0.32077232,0.48004374,0.0,0.8126726,1.2315974,0.0,0.88826656,0.7895585,0.66407084,0.0,0.0,0.8700924,0.28616464,0.43541843,0.0,0.30633438,0.95504665,0.26844138,0.46864527,0.31115937,0.9753407,0.0,1.0280833,0.25746816,0.0,0.19977623
ISIC_0010135,0.8342414,1.3446054,1.0303842,0.0,0.0,1.5091177,0.0,0.0,0.5513133,0.0,1.7852621,0.0,0.0,0.0,2.2943413,0.0,0.56156826,2.9159799,0.0,0.0,0.0,0.0,2.1561894,0.48449117,0.0,2.1592133,1.0678126,1.2202312,0.0,1.6912764,1.3610575,0.9385594
ISIC_0010765,0.46723378,0.9186792,0.50566745,0.0,0.0,0.9076774,0.0,0.0,0.32307422,0.0,1.5809647,0.0,0.0,0.0,1.7365332,0.0,0.4181829,1.7834415,0.0,0.0,0.0,0.0,1.1455244,0.44331044,0.0,1.2949972,1.2313046,0.5523453,0.0,0.8983952,0.81210154,0.6503512
ISIC_0011098,0.33100688,0.8478187,0.44087222,0.0,0.0,0.64867425,0.0,0.0,0.35760665,0.0,1.5682374,0.0,0.0,0.2348588,1.5165124,0.026247516,0.459831,1.5919217,0.0,0.0,0.0,0.0,0.72429985,0.5044403,0.0,0.9819967,1.0580379,0.45602733,0.0,0.5465934,0.7140494,0.6544286
ISIC_0010817,0.648618,1.1752248,0.8668103,0.0,0.0,1.4954954,0.0,0.0,1.3964895,0.0,1.0224943,0.0,0.0,0.0,1.7195268,0.0,0.6204399,2.449017,0.0,0.0,0.0,0.0,1.3686258,0.9422605,0.0,1.1028916,0.77880555,1.2607518,0.0,1.9599074,1.2023326,0.9284587
ISIC_0011158,0.0,0.015684173,0.0,0.0,0.5106327,0.5078337,0.0,0.270481,0.0,0.4270572,1.2107639,0.0,0.7557417,0.6683435,0.84684694,0.0,0.0,1.2465943,0.09690776,0.20930997,0.0,0.020449497,1.2164636,0.3150479,0.17665307,0.51351637,1.0122559,0.036341548,0.7984182,0.6608479,0.32100528,0.29078025
ISIC_0010683,0.58175397,1.0783494,0.84203535,0.0,0.0,1.6380438,0.0,0.0,1.4322737,0.0,0.9525937,0.0,0.0,0.0,1.7897332,0.0,0.5970929,2.5689187,0.0,0.0,0.0,0.0,1.5394119,0.8401092,0.0,1.2481062,0.8285693,1.4380589,0.0,2.130657,1.3541445,0.7260325
ISIC_0010841,0.0,0.0,0.0,0.0,0.974833,0.172546,0.43473262,0.52111495,0.0,0.882131,1.2459424,0.0,0.8502231,0.86998266,0.6905307,0.0,0.0,0.7266328,0.3012967,0.51132303,0.0,0.28415382,0.8800443,0.17602833,0.5845311,0.2296295,0.89724857,0.0,1.1037846,0.034814656,0.0,0.13391906
ISIC_0010796,0.45426407,1.0625355,0.53962606,0.0,0.0,1.2322156,0.0,0.0,0.8688214,0.0,1.196475,0.0,0.0,0.0,1.742379,0.0,0.43375587,2.2173204,0.0,0.0,0.0,0.0,1.488792,0.62856257,0.0,1.0702553,0.82854617,0.9888486,0.0,1.4019332,1.1358577,0.8207571
ISIC_0011163,0.44629642,0.8233399,0.40312594,0.0,0.0,0.8069906,0.0,0.0,0.38723397,0.0,1.5054853,0.0,0.0,0.061522886,1.5826049,0.0,0.2894453,1.8607084,0.0,0.0,0.0,0.0,0.9978732,0.5024705,0.0,1.0542527,1.0178242,0.5210956,0.0,0.9132285,0.94782406,0.6022613
ISIC_0011393,0.89314353,1.0553831,0.85359406,0.0,0.0,1.4571514,0.0,0.0,0.52305406,0.0,1.4503095,0.0,0.0,0.0,2.1925316,0.0,0.3565796,2.457093,0.0,0.0,0.0,0.0,1.9561821,0.5564272,0.0,1.6756873,1.1525457,1.0681033,0.0,1.7475402,1.314685,0.7896434
ISIC_0010842,0.028648384,0.60134435,0.08533814,0.0,0.0026720986,0.6955512,0.0,0.10098098,0.41583228,0.17716134,1.0625234,0.0,0.34622183,0.28487134,1.235996,0.0,0.09216977,1.4269469,0.0,0.122868605,0.0,0.0,1.2741022,0.33915207,0.0,0.70966786,0.88979334,0.52495956,0.6992882,1.0887853,0.5887837,0.31438422
ISIC_0010680,2.4170246,1.6435385,2.897546,0.17853956,0.0,4.0420756,0.0,0.0,3.0685387,0.0,0.20279647,0.0,0.0,0.0,2.6392531,0.0,2.0551753,3.4749348,0.0,0.0,0.84852165,0.0,2.5577772,1.4338164,0.0,2.1730094,0.34394914,3.585964,0.0,4.4825335,2.7733426,1.3156782
ISIC_0010416,0.9793953,1.0103405,1.0767025,0.0,0.0,2.2455359,0.0,0.0,1.5213077,0.0,0.44986182,0.0,0.0,0.0,1.6432612,0.0,1.133472,1.4871382,0.0,0.0,0.0,0.0,1.8870177,0.48879796,0.0,1.0892028,0.34413907,1.9279294,0.34759837,2.3468177,1.5012702,0.23710269
ISIC_0011387,0.8356323,1.1199498,1.1874574,0.0,0.0,1.7185802,0.0,0.0,1.1535221,0.0,1.067874,0.0,0.0,0.0,2.1872234,0.0,0.6084789,2.9661822,0.0,0.0,0.0,0.0,1.9112581,0.71066535,0.0,1.7687097,1.127112,1.5880286,0.0,2.3214614,1.4034882,0.9360228
ISIC_0011268,0.0,0.20305651,0.0,0.0,0.62246436,0.49740705,0.00325571,0.37589064,0.08749074,0.6567662,1.0488594,0.0,0.9249961,0.6645789,0.8369598,0.0,0.0,0.9912242,0.25067508,0.4575827,0.0,0.15499908,1.0334655,0.2522866,0.46541536,0.47126,0.899368,0.104712166,0.9994301,0.68478787,0.27955413,0.08703327
ISIC_0010132,0.12643126,0.88807344,0.48173958,0.0,0.0,0.8129757,0.0,0.0,0.62209237,0.0,1.2038124,0.0,0.0,0.076933146,1.5049922,0.0,0.12717904,2.0447488,0.0,0.0,0.0,0.0,0.93719894,0.65247023,0.0,0.9647507,0.8993309,0.5453117,0.028992407,1.1038511,0.9664681,0.51444435
ISIC_0010759,0.82664263,1.301403,1.439878,0.0,0.0,2.1702442,0.0,0.0,1.703993,0.0,0.8171631,0.0,0.0,0.0,2.2482715,0.0,0.61124754,3.3793344,0.0,0.0,0.0,0.0,2.0521746,0.86656386,0.0,1.9129708,0.82311124,1.892957,0.0,2.984392,1.6499689,0.9008209
ISIC_0010986,0.7727089,1.2072203,1.2336377,0.0,0.0,1.7530211,0.0,0.0,0.9749733,0.0,1.2698586,0.0,0.0,0.0,2.4024491,0.0,0.48739213,2.9917123,0.0,0.0,0.0,0.0,2.3345034,0.5899894,0.0,2.0194473,1.1218253,1.4659256,0.0,2.4503248,1.3617443,0.89821124
ISIC_0010585,0.48818365,0.8831394,0.4156492,0.0,0.0,0.7360492,0.0,0.0,0.3340111,0.0,1.591336,0.0,0.0,0.011837393,1.6060803,0.0,0.49719456,1.624758,0.0,0.0,0.0,0.0,0.93341124,0.53956723,0.0,1.009462,1.0857128,0.5357983,0.023297034,0.58513975,0.7497672,0.7673478
ISIC_0010658,0.7384615,0.97323674,0.7579272,0.0,0.0,1.1680772,0.0,0.0,0.5458703,0.0,1.4964473,0.0,0.0,0.0,1.9722795,0.0,0.35239214,2.3702548,0.0,0.0,0.0,0.0,1.5851513,0.4752821,0.0,1.5437655,1.0716368,0.924383,0.0,1.485845,1.0866638,0.806987
ISIC_0010181,0.0,0.0,0.0,0.0,1.6069462,0.0,1.8509086,0.8025465,0.0,1.8323699,0.0,0.0,1.617769,1.2378727,0.0,0.34545282,0.0,0.0,1.0766973,0.86309904,0.20778884,0.5952567,0.046900816,0.025073528,1.3004233,0.0,0.014031187,0.0,1.2619689,0.0,0.0,0.0
ISIC_0010257,0.46064442,1.2052515,1.0467943,0.0,0.0,1.7676225,0.0,0.0,1.5547619,0.0,0.75799465,0.0,0.0,0.0,1.7887297,0.0,0.59505814,2.711315,0.0,0.0,0.0,0.0,1.481752,0.92779404,0.0,1.2764924,0.7517754,1.5655221,0.0,2.247433,1.344281,0.73103523
ISIC_0011360,1.5201222,1.6399486,2.291402,0.0,0.0,3.2492418,0.0,0.0,2.7092228,0.0,0.45369774,0.0,0.0,0.0,2.4600673,0.0,1.1008904,4.0776935,0.0,0.0,0.22742355,0.0,2.5379014,1.226429,0.0,2.1582732,0.2831744,2.843935,0.0,4.2248607,2.642599,1.0696627
ISIC_0010903,0.32204455,1.0556965,0.76029253,0.0,0.0,1.4492538,0.0,0.0,1.2448925,0.0,0.8767837,0.0,0.0,0.0,1.5624807,0.0,0.35484695,2.308859,0.0,0.0,0.0,0.0,1.1782098,0.8344677,0.0,1.0245663,0.76757395,1.0756813,0.0,1.7848847,1.1346323,0.6409824
ISIC_0010979,10.031875,5.03949,15.124877,11.098494,0.0,14.701104,0.0,0.0,9.578271,0.0,0.0,1.6623899,0.0,0.0,4.403596,0.0,8.789651,0.57675827,0.0,0.0,8.72888,0.0,0.021363162,0.6176283,0.0,2.882668,0.0,12.110779,0.0,12.027624,7.5328283,3.0267348
ISIC_0010435,0.3999467,1.0189956,0.6778057,0.0,0.0,1.2627915,0.0,0.0,0.64342034,0.0,1.2093319,0.0,0.0,0.0,1.8345108,0.0,0.19182765,2.3937447,0.0,0.0,0.0,0.0,1.5715086,0.6196377,0.0,1.3658826,0.9949159,0.87231785,0.0,1.6443722,1.164481,0.53962517
ISIC_0010843,0.72036207,1.1414394,0.9881651,0.0,0.0,1.3539963,0.0,0.0,0.7731147,0.0,1.2990701,0.0,0.0,0.0,2.034671,0.0,0.34927386,2.639682,0.0,0.0,0.0,0.0,1.4441409,0.7324746,0.0,1.4244666,0.8623031,1.0448619,0.0,1.5982326,1.2902969,0.9622259
ISIC_0011220,0.35828418,0.9278006,0.47095692,0.0,0.0,0.8524753,0.0,0.0,0.32877976,0.0,1.5511923,0.0,0.0,0.0,1.6940823,0.0,0.40396488,1.8680054,0.0,0.0,0.0,0.0,1.0367925,0.4542625,0.0,1.193422,1.1054468,0.54669476,0.0,0.8350061,0.825835,0.6677479
ISIC_0010027,0.7922951,1.3948286,1.645317,0.0,0.0,2.5132794,0.0,0.0,2.0222266,0.0,0.6492071,0.0,0.0,0.0,2.302962,0.0,0.70042866,3.4341156,0.0,0.0,0.0,0.0,2.1003733,0.85808927,0.0,1.9396578,0.5554343,2.116373,0.0,3.2366917,1.9398265,0.846169
ISIC_0010676,2.6771457,1.7706184,3.220774,1.0421495,0.0,4.2224607,0.0,0.0,2.854449,0.0,0.309704,0.0,0.0,0.0,2.6661222,0.0,2.478512,2.5892446,0.0,0.0,1.0220011,0.0,2.8195417,1.0984968,0.0,2.2067134,0.5853655,3.8151374,0.0,4.0556045,2.8488648,1.2750193
ISIC_0009949,0.0,0.0,0.0,0.0,1.06216,0.115393855,0.60453033,0.53745556,0.0,0.9645057,1.1927421,0.0,0.9634965,0.9023513,0.58490694,0.0,0.0,0.6761259,0.3231203,0.48961174,0.0,0.3176128,0.9449284,0.13847639,0.7468712,0.17985839,0.91404,0.0,1.1257734,0.050190583,0.0,0.07872617
ISIC_0010409,0.0,0.41776568,0.12848954,0.0,0.06474362,0.643803,0.0,0.0,0.23563682,0.0,1.2474693,0.0,0.12766083,0.32932603,1.053328,0.0,0.0,1.5881578,0.0,0.17311704,0.0,0.0,0.8441294,0.42543018,0.0,0.7488301,0.8987751,0.2818608,0.39337218,0.8458005,0.578378,0.40168306
ISIC_0010078,0.81967807,1.1800168,1.0529118,0.0,0.0,2.0133486,0.0,0.0,1.8069006,0.0,0.81018543,0.0,0.0,0.0,1.8189685,0.0,0.7846685,2.6592343,0.0,0.0,0.0,0.0,1.6021103,0.92500824,0.0,1.3135756,0.74085474,1.8189275,0.0,2.5262768,1.4059167,0.7663496
ISIC_0010607,0.63092506,1.0398828,0.6859942,0.0,0.0,1.0869765,0.0,0.0,0.42843416,0.0,1.5103939,0.0,0.0,0.0,1.9215722,0.0,0.40620983,2.1458683,0.0,0.0,0.0,0.0,1.5098947,0.56379604,0.0,1.425065,1.1646944,0.7942238,0.0,1.219227,1.0991727,0.7022183
ISIC_0010465,0.645051,1.0048115,0.6983621,0.0,0.0,1.2214515,0.0,0.0,0.77274144,0.0,1.3313828,0.0,0.0,0.0,1.9137738,0.0,0.4212953,2.4688616,0.0,0.0,0.0,0.0,1.6928447,0.5717841,0.0,1.4910854,1.0979966,1.0566201,0.0,1.7756981,1.0818231,0.7237693
ISIC_0010156,0.024005607,0.3576603,0.14150462,0.0,0.17194241,0.6370084,0.0,0.0,0.11836238,0.0,1.2637433,0.0,0.18246433,0.44934064,1.0745975,0.0,0.0,1.4953613,0.0,0.13195011,0.0,0.0,0.94646555,0.41390204,0.0,0.59572494,0.8376562,0.1650869,0.47135007,0.6738566,0.6038271,0.4911853
ISIC_0011165,1.1598935,1.2079005,1.3688636,0.0,0.0,1.6789587,0.0,0.0,0.7239237,0.0,1.4034077,0.0,0.0,0.0,2.5446053,0.0,0.64561087,2.84775,0.0,0.0,0.0,0.0,2.185192,0.6595443,0.0,1.9515725,1.317682,1.4810051,0.0,2.1511192,1.3978901,1.1394615
ISIC_0010922,0.22582427,0.8707558,0.5137075,0.0,0.0,1.2084153,0.0,0.0,0.7771628,0.0,1.1131151,0.0,0.0,0.0,1.4416175,0.0,0.13166082,1.9933493,0.0,0.0,0.0,0.0,1.1560363,0.64224726,0.0,0.9543611,0.8231302,0.66546476,0.017661437,1.3962569,1.042127,0.58436155
ISIC_0011005,0.0,0.0,0.0,0.0,0.8285495,0.26849103,0.22535598,0.45075193,0.0,0.6887361,1.3379774,0.0,0.6907553,0.7951768,0.8164201,0.067199714,0.0,0.8587186,0.22899708,0.4324727,0.0,0.13441686,0.87200683,0.19475876,0.3720827,0.38513827,0.9590756,0.0,0.91384214,0.09851742,0.0,0.27471894
ISIC_0011016,0.56581926,1.137239,0.95429236,0.0,0.0,1.5552565,0.0,0.0,1.017594,0.0,1.1042534,0.0,0.0,0.0,2.0010653,0.0,0.23034288,2.6307454,0.0,0.0,0.0,0.0,1.604009,0.70008296,0.0,1.4739374,0.7257209,0.9825896,0.0,1.9647563,1.4387959,0.61967474
ISIC_0011264,0.41496474,1.0413666,0.69199264,0.0,0.0,1.4635867,0.0,0.0,1.2434043,0.0,0.9348947,0.0,0.0,0.0,1.7422898,0.0,0.33187848,2.5368383,0.0,0.0,0.0,0.0,1.3375744,0.75925046,0.0,1.3096584,0.73547083,1.1165174,0.0,2.0529552,1.217414,0.6072979
ISIC_0010243,0.61721754,0.952998,0.67596364,0.0,0.0,1.1826603,0.0,0.0,0.73907435,0.0,1.337707,0.0,0.0,0.0,1.8777556,0.0,0.26935202,2.45149,0.0,0.0,0.0,0.0,1.5548913,0.5521194,0.0,1.368506,0.90765005,0.9772192,0.0,1.6736755,1.0749556,0.7440836
ISIC_0009985,1.0997946,1.234523,1.3465343,0.0,0.0,2.0886602,0.0,0.0,1.6075512,0.0,1.0693188,0.0,0.0,0.0,2.0236256,0.0,1.1976933,2.6896682,0.0,0.0,0.0,0.0,1.9868757,0.932735,0.0,1.6278324,1.1157975,1.9952729,0.0,2.530724,1.5780597,0.96096957
ISIC_0010064,0.28684747,0.92966473,0.46669567,0.0,0.0,0.99807185,0.0,0.0,0.7066792,0.0,1.2485683,0.0,0.0,0.0,1.5753167,0.0,0.29173434,2.1142063,0.0,0.0,0.0,0.0,1.2255199,0.6184637,0.0,1.176813,0.9847287,0.71431583,0.0,1.3648047,0.917141,0.57767284
ISIC_0010988,0.48237073,0.9776324,0.5850594,0.0,0.0,1.1634241,0.0,0.0,1.096894,0.0,1.1983916,0.0,0.0,0.0,1.609283,0.0,0.43240952,2.3390462,0.0,0.0,0.0,0.0,1.4370023,0.7488224,0.0,1.230753,0.9258858,0.9645678,0.0,1.8228774,1.134193,0.620198
ISIC_0010002,1.9304156,1.5729239,2.372788,0.32530725,0.0,3.4130964,0.0,0.0,2.3819168,0.0,0.7793616,0.0,0.0,0.0,2.4781132,0.0,1.9051688,2.8049266,0.0,0.0,0.36357218,0.0,2.2982213,1.2287747,0.0,1.9308268,0.9208681,2.994948,0.0,3.496967,2.4727304,1.0789185
ISIC_0009982,0.21504346,0.6840221,0.275634,0.0,0.0,0.7788979,0.0,0.0,0.31637025,0.0,1.3824662,0.0,0.0,0.22032435,1.3566813,0.0,0.21722378,1.617256,0.0,0.0,0.0,0.0,1.0732117,0.5122802,0.0,0.8159982,0.9538365,0.36914015,0.22855246,0.8128755,0.7392129,0.60808265
ISIC_0010088,0.32714623,0.9129238,0.43560815,0.0,0.0,1.0649066,0.0,0.0,0.6352308,0.0,1.3080623,0.0,0.0,0.0,1.6052868,0.0,0.15246162,2.2240634,0.0,0.0,0.0,0.0,1.4893032,0.6156496,0.0,1.2201581,0.96879727,0.7205672,0.0,1.4793941,1.09049,0.47479606
ISIC_0010447,1.2744995,1.4785006,1.8848764,0.0,0.0,2.5121284,0.0,0.0,2.3274093,0.0,0.6794021,0.0,0.0,0.0,2.1884737,0.0,1.0777712,3.7245812,0.0,0.0,0.09955222,0.0,2.0483587,1.1810433,0.0,1.9942384,0.74425495,2.3501718,0.0,3.5635257,1.9595425,1.1720194
ISIC_0011164,0.3947013,0.79806495,0.38993108,0.0,0.0,0.8460773,0.0,0.0,0.39263767,0.0,1.4915831,0.0,0.0,0.0,1.5578072,0.0,0.47667843,1.6411937,0.0,0.0,0.0,0.0,1.136187,0.47700396,0.0,1.1189772,1.2054782,0.5393098,0.0,0.91783524,0.78346264,0.6403751
ISIC_0010711,0.63613605,1.081543,0.70079035,0.0,0.0,1.0100448,0.0,0.0,0.48634923,0.0,1.6394151,0.0,0.0,0.0,1.9327767,0.0,0.58627427,2.1916087,0.0,0.0,0.0,0.0,1.4440742,0.5179391,0.0,1.496141,1.2110021,0.8891062,0.0,1.148526,1.0882493,0.7732371
ISIC_0009874,0.7105278,1.1420571,0.75060093,0.0,0.0,1.3668084,0.0,0.0,0.6530995,0.0,1.4193984,0.0,0.0,0.0,2.0334878,0.0,0.29359198,2.6304324,0.0,0.0,0.0,0.0,1.8983451,0.5668572,0.0,1.6157788,0.9656328,1.0922872,0.0,1.7328608,1.3391341,0.7080376
ISIC_0010463,0.55108815,1.0949252,0.9224918,0.0,0.0,1.673098,0.0,0.0,1.4365084,0.0,0.9630197,0.0,0.0,0.0,1.8620648,0.0,0.30602092,2.7229877,0.0,0.0,0.0,0.0,1.4893521,0.80794615,0.0,1.3757397,0.59992254,1.1523758,0.0,2.2041545,1.3603064,0.656525
ISIC_0010109,1.0241209,1.5026047,1.3735512,0.0,0.0,1.8587247,0.0,0.0,0.6669604,0.0,1.7596546,0.0,0.0,0.0,2.6127386,0.0,0.73325497,3.4737434,0.0,0.0,0.009371154,0.0,2.8766465,0.3672657,0.0,2.6957848,1.0348272,1.6623315,0.0,2.3274305,1.6176631,1.1195077
ISIC_0010920,0.7369523,1.1505373,1.0541359,0.0,0.0,1.6387318,0.0,0.0,1.1259097,0.0,1.2874584,0.0,0.0,0.0,2.1927664,0.0,0.5594338,3.0844038,0.0,0.0,0.0,0.0,2.141608,0.72033745,0.0,2.0268548,1.0217294,1.4477012,0.0,2.4485145,1.3037827,0.8049071
ISIC_0010616,0.9355552,1.1235538,0.9193018,0.0,0.0,1.2963629,0.0,0.0,0.44742885,0.0,1.6130744,0.0,0.0,0.0,2.2806199,0.0,0.6014323,2.3881478,0.0,0.0,0.0,0.0,1.994596,0.55101526,0.0,1.8877048,1.4893179,1.1196984,0.0,1.7172325,1.1588428,0.7502882
ISIC_0009944,0.4840303,1.2546422,0.7189474,0.0,0.0,1.271976,0.0,0.0,0.9478184,0.0,1.3359355,0.0,0.0,0.0,1.7089765,0.042873926,0.37308067,2.3505323,0.0,0.0,0.0,0.0,0.87913746,0.7181219,0.0,0.9856526,0.61184126,0.7623565,0.0,0.9686649,1.1836027,1.2240638
ISIC_0010349,1.2393736,1.4458859,1.7119975,0.0,0.0,2.6072788,0.0,0.0,2.0637963,0.0,0.8548099,0.0,0.0,0.0,2.2902863,0.0,1.024683,3.5828967,0.0,0.0,0.05042973,0.0,2.0514135,1.0380777,0.0,1.9738958,0.7683115,2.3913817,0.0,3.2001283,1.8586214,1.1444085
ISIC_0011090,0.66247797,1.0946755,0.9912333,0.0,0.0,1.6313804,0.0,0.0,1.2615573,0.0,1.0569046,0.0,0.0,0.0,2.042186,0.0,0.4501665,2.9409783,0.0,0.0,0.0,0.0,1.9411037,0.76028925,0.0,1.6766652,0.8800812,1.3906274,0.0,2.4576476,1.3964128,0.70826155
ISIC_0009923,0.6032398,0.9561722,0.58077645,0.0,0.0,1.1102325,0.0,0.0,0.83447003,0.0,1.3355083,0.0,0.0,0.0,1.6775954,0.0,0.33352226,2.3283918,0.0,0.0,0.0,0.0,1.3944093,0.6503633,0.0,1.2599562,0.92580384,0.8871929,0.0,1.5546738,1.1160322,0.68798983
ISIC_0010359,0.36246616,1.0398906,0.5949088,0.0,0.0,1.1765064,0.0,0.0,0.7111881,0.0,1.1868199,0.0,0.0,0.0,1.7500553,0.0,0.20061128,2.334617,0.0,0.0,0.0,0.0,1.5145962,0.6558796,0.0,1.2428651,0.9441193,0.7930785,0.0,1.5317875,1.1698173,0.55646867
ISIC_0010701,0.706359,0.9554796,0.6654976,0.0,0.0,1.2483848,0.0,0.0,0.69797015,0.0,1.4661591,0.0,0.0,0.0,1.9218273,0.0,0.5107796,2.3608646,0.0,0.0,0.0,0.0,1.8057705,0.5513545,0.0,1.6400546,1.1878337,1.0553235,0.0,1.8126557,1.1510905,0.6239962
ISIC_0010509,0.31133574,0.92455536,0.46339172,0.0,0.0,1.0005897,0.0,0.0,0.6538602,0.0,1.3312067,0.0,0.0,0.0,1.5537808,0.0,0.2632742,2.1868606,0.0,0.0,0.0,0.0,1.1274269,0.6653143,0.0,1.2827749,0.99622947,0.7327162,0.0,1.2949103,1.0232711,0.44522506
ISIC_0010667,0.6113559,0.8615743,0.56583565,0.0,0.0,0.8453677,0.0,0.0,0.23677531,0.0,1.7599247,0.0,0.0,0.0,1.8525188,0.0,0.6054043,1.6924123,0.0,0.0,0.0,0.0,0.988967,0.3759774,0.0,1.2801461,1.264377,0.5620208,0.0,0.61708593,0.8380431,0.75539374
ISIC_0009907,2.5720701,1.6998272,3.2812984,0.98883605,0.0,4.281402,0.0,0.0,2.9584968,0.0,0.1029007,0.0,0.0,0.0,2.6703799,0.0,2.458393,2.948176,0.0,0.0,1.017443,0.0,2.4852693,1.2593614,0.0,2.1842604,0.36295766,3.7065504,0.0,4.1486225,2.96333,1.1310868
ISIC_0011170,0.47540367,0.9955467,0.6059977,0.0,0.0,0.90684885,0.0,0.0,0.2542088,0.0,1.6468381,0.0,0.0,0.0,1.8453856,0.0,0.43667337,1.9135653,0.0,0.0,0.0,0.0,1.0150156,0.45075512,0.0,1.2534142,1.1075555,0.5873541,0.0,0.6667843,0.91911805,0.74901056
ISIC_0010579,1.3027158,1.3217053,1.5515231,0.0,0.0,1.8639001,0.0,0.0,0.7676234,0.0,1.5255151,0.0,0.0,0.0,2.8464625,0.0,0.6781901,3.295671,0.0,0.0,0.0,0.0,2.9339185,0.57539916,0.0,2.525686,1.4333829,1.7982513,0.0,2.8151188,1.4484988,1.1681503
ISIC_0010537,0.52551496,1.1300589,0.7903322,0.0,0.0,1.478381,0.0,0.0,1.3395013,0.0,0.86472845,0.0,0.0,0.0,1.683845,0.0,0.36070874,2.3974824,0.0,0.0,0.0,0.0,1.4145334,0.8201402,0.0,1.026699,0.5629724,1.1910627,0.0,2.1230416,1.3031254,0.6163753
ISIC_0010442,0.81629765,1.3067393,1.2558787,0.0,0.0,2.0725603,0.0,0.0,1.8052794,0.0,0.641307,0.0,0.0,0.0,1.9893281,0.0,0.39918023,3.1905565,0.0,0.0,0.0,0.0,1.7918456,1.0390749,0.0,1.3265816,0.46167004,1.6615489,0.0,2.865792,1.8055943,0.823677
ISIC_0009971,0.0,0.0,0.0,0.0,1.0883452,0.03939706,0.5674318,0.6183287,0.0,0.98374605,1.2388816,0.0,0.91573304,0.8889146,0.6158755,0.030414969,0.0,0.6195896,0.3794241,0.55191135,0.0,0.35352004,0.8267526,0.13642429,0.7167947,0.16256367,0.93163586,0.0,1.1942275,0.0,0.0,0.14353165
ISIC_0010674,0.14996673,0.85225123,0.4211115,0.0,0.0,0.76782495,0.0,0.0,0.6553111,0.0,1.3040545,0.0,0.0,0.05317183,1.4046509,0.0,0.2599718,2.0060306,0.0,0.0,0.0,0.0,0.97595567,0.66658556,0.0,1.1778299,1.0983588,0.59726626,0.0,1.2047132,0.89672935,0.39881903
ISIC_0010357,0.0,0.16413227,0.0,0.0,0.36467743,0.4638203,0.0,0.11930205,0.062796615,0.21337596,1.2196805,0.0,0.4098717,0.50074714,0.8313503,0.0,0.0,1.2530441,0.0,0.23794717,0.0,0.06603947,0.91674817,0.29960093,0.0,0.56424457,0.9313237,0.108297,0.63347876,0.63223934,0.3385294,0.392444
ISIC_0011003,0.30040914,0.7284357,0.40613693,0.0,0.0,0.8055535,0.0,0.0,0.27343675,0.0,1.4698203,0.0,0.0,0.1082422,1.4997253,0.0,0.2523309,1.646121,0.0,0.0,0.0,0.0,1.2096037,0.44064045,0.0,1.0929676,1.1574422,0.49030894,0.10090445,0.9594152,0.82956016,0.53657794
ISIC_0009968,0.0,0.39835802,0.08153493,0.0,0.18752204,0.5960294,0.0,0.064802006,0.06716849,0.029442519,1.2577432,0.0,0.23614207,0.50769055,1.1093664,0.0,0.0,1.501809,0.0,0.13659802,0.0,0.0,0.95103574,0.37368676,0.0,0.71130484,1.00473,0.21677111,0.4047929,0.786098,0.512916,0.39196274
ISIC_0011257,0.7017759,0.9908574,0.7678747,0.0,0.0,1.352349,0.0,0.0,0.78297997,0.0,1.2945955,0.0,0.0,0.0,1.9421942,0.0,0.35625198,2.3766217,0.0,0.0,0.0,0.0,1.7365626,0.6454741,0.0,1.4604939,1.0119923,1.0417783,0.0,1.7702872,1.2423518,0.7037916
ISIC_0011368,0.67332137,0.97929186,0.84195554,0.0,0.0,1.0181653,0.0,0.0,0.37435424,0.0,1.5548736,0.0,0.0,0.0,2.0086005,0.0,0.31554562,2.2641642,0.0,0.0,0.0,0.0,1.4020182,0.5131929,0.0,1.5114679,1.2686263,0.8272464,0.0,1.2566235,0.9531095,0.84512067
ISIC_0010756,0.6978152,1.1848571,1.0919609,0.0,0.0,1.7227112,0.0,0.0,0.93239725,0.0,1.2248433,0.0,0.0,0.0,2.2636166,0.0,0.538093,2.9753723,0.0,0.0,0.0,0.0,2.2087317,0.5896046,0.0,1.8418453,1.1073622,1.470886,0.0,2.2417893,1.3098316,0.98214376
ISIC_0009922,0.7508377,0.85628057,0.6992231,0.0,0.0,1.1657306,0.0,0.0,0.83610415,0.0,1.4238161,0.0,0.0,0.0,1.8336964,0.0,0.40799594,2.2624469,0.0,0.0,0.0,0.0,1.4959465,0.58267903,0.0,1.3923734,0.98985195,0.93569905,0.0,1.6671174,1.1179992,0.63431424
ISIC_0010884,0.0,0.0,0.0,0.0,1.1079645,0.06416865,0.6186283,0.5947374,0.0,1.0112303,1.2053375,0.0,0.9540481,0.9020707,0.5863634,0.0,0.0,0.6549949,0.37282833,0.55922353,0.0,0.3479653,0.8782072,0.16415207,0.7693358,0.14624138,0.91799194,0.0,1.1691587,0.011066526,0.0,0.096512176
ISIC_0010367,0.10124077,0.62681705,0.25243896,0.0,0.0,0.75461304,0.0,0.0,0.23250133,0.0,1.3898942,0.0,0.11474353,0.29757047,1.3686318,0.0,0.04143639,1.6328185,0.0,0.0,0.0,0.0,1.2167081,0.4650176,0.0,0.78635144,0.97590756,0.3410547,0.3742084,0.7924787,0.7273709,0.54357225
ISIC_0010750,0.0,0.0,0.0,0.0,0.6309492,0.2533346,0.1627519,0.38342145,0.0,0.7123546,1.2573122,0.0,0.7788414,0.6830143,0.7130112,0.0,0.0,0.95213145,0.23309186,0.44284874,0.0,0.253588,1.0030866,0.37105653,0.3246047,0.3516184,0.93230623,0.0,0.9471229,0.34169364,0.06284128,0.26760346
ISIC_0010200,0.54437625,0.97265214,0.5767031,0.0,0.0,0.9666116,0.0,0.0,0.41775376,0.0,1.4990559,0.0,0.0,0.0,1.8276029,0.0,0.37387252,2.0093079,0.0,0.0,0.0,0.0,1.252381,0.4578004,0.0,1.3118113,1.1647077,0.67159855,0.0,1.1287822,0.95740974,0.6550081
ISIC_0010693,0.7576505,1.1416233,1.1455449,0.0,0.0,1.7939205,0.0,0.0,1.3201383,0.0,1.0239909,0.0,0.0,0.0,2.1350927,0.0,0.5679816,3.0492504,0.0,0.0,0.0,0.0,1.9682771,0.8411977,0.0,1.7183814,0.9758205,1.547156,0.0,2.5051506,1.4888722,0.8054386
ISIC_0010192,0.27700573,0.97915643,0.548112,0.0,0.0,1.1443244,0.0,0.0,0.809124,0.0,1.0772917,0.0,0.0,0.0,1.6013639,0.0,0.038162023,2.2743995,0.0,0.0,0.0,0.0,1.32368,0.64489347,0.0,0.9832132,0.7401838,0.7493397,0.0,1.4686176,1.0666444,0.68349165
ISIC_0010024,0.0,0.0,0.0,0.0,1.2815762,0.0,1.3356483,0.64899325,0.0,1.4604452,0.6658386,0.0,1.4833946,1.2756264,0.0,0.16736251,0.0,0.24439862,0.43130723,0.49975377,0.0,0.6253381,1.0840605,0.3618267,1.3503859,0.0,0.67735165,0.0,1.2556381,0.0,0.0,0.0
ISIC_0011160,2.0680826,1.3848445,2.4721792,0.33565181,0.0,3.6421504,0.0,0.0,2.7604122,0.0,0.26829937,0.0,0.0,0.0,2.1985033,0.0,1.8852117,2.649728,0.0,0.0,0.5914025,0.0,2.0379205,1.4284108,0.0,1.625976,0.4272061,3.107569,0.0,3.8339953,2.5904367,0.8495952
ISIC_0010610,1.0191306,1.3486958,1.3423799,0.0,0.0,2.1209044,0.0,0.0,1.9516801,0.0,0.8803779,0.0,0.0,0.0,2.1249309,0.0,0.6081316,3.5809286,0.0,0.0,0.0,0.0,2.3022401,1.059815,0.0,2.042968,0.66567695,1.9886159,0.0,3.3920941,1.7807354,0.8698626
ISIC_0009903,0.15415321,0.7337609,0.3206439,0.0,0.0,0.8810092,0.0,0.0,0.40462798,0.0,1.1884823,0.0,0.0,0.07424542,1.4768016,0.0,0.100696616,1.9032595,0.0,0.0,0.0,0.0,1.3799924,0.4198486,0.0,0.940949,0.93927807,0.61723936,0.21436179,1.2867044,0.93008536,0.45508164
ISIC_0010525,0.66604745,0.9271293,0.6661697,0.0,0.0,0.9792067,0.0,0.0,0.46773496,0.0,1.57756,0.0,0.0,0.0,1.8864849,0.0,0.39341956,2.0692337,0.0,0.0,0.0,0.0,1.2153146,0.5171399,0.0,1.3142639,1.0698425,0.72704923,0.0,1.0186465,0.9476103,0.8194089
ISIC_0011054,1.1505481,1.435344,1.4830065,0.0,0.0,1.5946403,0.0,0.0,0.81198907,0.0,1.4551562,0.0,0.0,0.0,2.464661,0.0,0.6172828,3.0577345,0.0,0.0,0.0,0.0,1.6556383,0.79074824,0.0,1.8239069,1.0662,1.5057398,0.0,1.8274548,1.3703043,1.4442501
ISIC_0011025,0.064876996,0.20106578,0.0,0.0,0.41479862,0.4898481,0.0,0.19975439,0.0,0.25381818,1.3997045,0.0,0.27232525,0.59273523,1.0649936,0.08969491,0.0,1.2186315,0.08053454,0.31192383,0.0,0.021558657,0.76348776,0.3151732,0.0,0.49440414,0.8441996,0.06401078,0.6623851,0.1759245,0.29760456,0.547494
ISIC_0010958,0.9143181,1.2372558,0.9687526,0.0,0.0,1.4840484,0.0,0.0,0.35792524,0.0,1.699339,0.0,0.0,0.0,2.38217,0.0,0.4352148,2.6345656,0.0,0.0,0.0,0.0,2.0048702,0.42701203,0.0,1.9546055,1.1517905,1.1056287,0.0,1.5384545,1.2410003,0.9387383
ISIC_0010934,0.55064356,0.94869864,0.66972935,0.0,0.0,1.1654837,0.0,0.0,0.7619029,0.0,1.1929485,0.0,0.0,0.0,1.7048163,0.0,0.25193378,2.4078786,0.0,0.0,0.0,0.0,1.4212238,0.5482421,0.0,1.3171678,0.96789193,0.95736134,0.0,1.6404628,1.1471072,0.6736028
ISIC_0010675,0.7656877,1.0489018,0.7616558,0.0,0.0,1.2709595,0.0,0.0,0.50065506,0.0,1.5494791,0.0,0.0,0.0,2.054758,0.0,0.4697058,2.3657603,0.0,0.0,0.0,0.0,1.7827015,0.48017436,0.0,1.6259785,1.2038331,1.0116575,0.0,1.5269374,1.137367,0.8149756
ISIC_0010844,0.1594879,0.8126537,0.32232973,0.0,0.0,0.8953301,0.0,0.0,0.6547433,0.0,1.1465096,0.0,0.0,0.024115987,1.2975183,0.0,0.111226805,1.8619287,0.0,0.0,0.0,0.0,1.018012,0.5232017,0.0,0.7792475,0.7314793,0.5331983,0.12119736,1.1180375,0.81376,0.69250244
ISIC_0010172,0.7065028,1.2255986,0.7227444,0.0,0.0,1.1089754,0.0,0.0,0.37868726,0.0,1.7191813,0.0,0.0,0.0,2.02765,0.0,0.5638821,2.27516,0.0,0.0,0.0,0.0,1.4024689,0.5561182,0.0,1.5614916,1.2147139,0.879838,0.0,0.9505396,1.1305784,0.80262876
ISIC_0011102,0.051764295,0.7939975,0.367737,0.0,0.0,1.0463935,0.0,0.0,0.7448255,0.0,1.0302254,0.0,0.0,0.033298925,1.2691369,0.0,0.006884545,1.884409,0.0,0.0,0.0,0.0,1.1725007,0.53769195,0.0,0.77746844,0.6882263,0.5535129,0.16391137,1.4177967,0.95609534,0.5119983
ISIC_0010787,0.20483097,0.63389647,0.19180433,0.0,0.0,0.6947863,0.0,0.0,0.44023716,0.0,1.3683777,0.0,0.0,0.32071596,1.2791193,0.0,0.1575423,1.7079282,0.0,0.0078077987,0.0,0.0,0.9466224,0.5327028,0.0,0.7210018,0.9257134,0.40474233,0.21635059,0.8489326,0.7612974,0.57060516
ISIC_0010792,0.46674937,0.9310208,0.66391677,0.0,0.0,1.226296,0.0,0.0,0.9419385,0.0,1.1878229,0.0,0.0,0.0,1.7605112,0.0,0.34511125,2.3477051,0.0,0.0,0.0,0.0,1.4748322,0.630642,0.0,1.3715119,0.94565654,0.96491796,0.0,1.8194429,1.0930622,0.58977824
ISIC_0010159,0.5395365,1.0765806,0.8859987,0.0,0.0,1.5424683,0.0,0.0,1.1752393,0.0,0.9800739,0.0,0.0,0.0,1.9174035,0.0,0.43115312,2.5597634,0.0,0.0,0.0,0.0,1.6063379,0.75100833,0.0,1.3569165,0.89691657,1.2100799,0.0,2.0565193,1.3046227,0.6421585
ISIC_0011324,0.61139745,1.0417233,0.9733938,0.0,0.0,1.4347827,0.0,0.0,1.056313,0.0,1.1006886,0.0,0.0,0.0,1.942934,0.0,0.38494426,2.6736538,0.0,0.0,0.0,0.0,1.5371313,0.86070096,0.0,1.5126011,1.0109129,1.2293377,0.0,2.0061352,1.2438904,0.7365269
ISIC_0009871,0.49635714,1.0279064,0.78076905,0.0,0.0,1.437955,0.0,0.0,1.2251264,0.0,1.0098965,0.0,0.0,0.0,1.7670665,0.0,0.5212741,2.4654155,0.0,0.0,0.0,0.0,1.5054321,0.7768209,0.0,1.2622122,0.9199758,1.2127067,0.0,2.0019538,1.2077717,0.6375626
ISIC_0010212,0.98005867,1.24926,1.3093919,0.0,0.0,2.1229224,0.0,0.0,1.8804116,0.0,0.8114195,0.0,0.0,0.0,1.8889878,0.0,0.81963474,2.9747837,0.0,0.0,0.0,0.0,1.6860923,1.0836492,0.0,1.4433116,0.7556584,1.9548396,0.0,2.8455772,1.5413623,0.9263601
ISIC_0010526,0.16829798,0.7109699,0.14448665,0.0,0.0,0.7648617,0.0,0.0,0.54954493,0.0,1.2115543,0.0,0.0,0.09015185,1.3122935,0.0,0.2572686,1.6459032,0.0,0.006380491,0.0,0.0,1.1715308,0.46846133,0.0,0.8328955,0.9817393,0.65014863,0.42695868,1.0575231,0.69964874,0.5696905
ISIC_0010695,0.0,0.0,0.0,0.81303954,2.2792523,0.0,3.7352548,1.0585667,0.0,2.4176183,0.0,0.21629,2.3477933,1.8236665,0.0,0.8464874,0.0,0.0,1.1613393,0.8693104,1.4068348,0.83603203,0.0,0.0,1.7758253,0.0,0.0,0.0,1.1067276,0.0,0.0,0.0
ISIC_0011143,0.5573733,0.94648886,0.52519846,0.0,0.0,0.92105836,0.0,0.0,0.27882364,0.0,1.719868,0.0,0.0,0.0,1.8299263,0.0,0.5578543,1.7195622,0.0,0.0,0.0,0.0,1.1361071,0.38931257,0.0,1.3776345,1.3024105,0.5973954,0.0,0.7647587,0.84493375,0.67531365
ISIC_0010023,0.0,0.66971314,0.26778966,0.0,0.0,0.6675059,0.0,0.0,0.32878244,0.0,1.1361486,0.0,0.045204535,0.22738312,1.2867243,0.0,0.0035007596,1.7396537,0.0,0.012618713,0.0,0.0,1.1739941,0.39253867,0.0,0.8040082,0.9814372,0.5175132,0.42721134,1.1426481,0.72289544,0.35080338
ISIC_0010709,0.60519576,1.0420412,0.7003721,0.0,0.0,1.3297673,0.0,0.0,0.825449,0.0,1.2875062,0.0,0.0,0.0,1.907614,0.0,0.41497964,2.5559998,0.0,0.0,0.0,0.0,1.78659,0.6481178,0.0,1.5353122,1.0075462,1.066691,0.0,1.8390254,1.2462076,0.6893543
ISIC_0010662,0.6336782,0.9093243,0.44900584,0.0,0.0,0.93841493,0.0,0.0,0.2529454,0.0,1.8020809,0.0,0.0,0.0,1.8384666,0.0,0.52113485,1.7383341,0.0,0.0,0.0,0.0,1.0322398,0.4063868,0.0,1.4648585,1.3412267,0.56429696,0.0,0.70195234,0.80637354,0.5805748
ISIC_0010530,0.28379586,0.8419148,0.48293906,0.0,0.0,0.9887804,0.0,0.0,0.66986823,0.0,1.2344285,0.0,0.0,0.0,1.4980395,0.0,0.23513289,1.8913217,0.0,0.0,0.0,0.0,1.284672,0.61190206,0.0,1.0303644,0.96343565,0.58152956,0.0,1.2946552,0.98036575,0.5637091
ISIC_0010995,0.07594574,0.79374105,0.3161303,0.0,0.0,0.79944074,0.0,0.0,0.33368045,0.0,1.3824124,0.0,0.0,0.33207637,1.4093523,0.032790072,0.057528764,1.9432695,0.0,0.0,0.0,0.0,0.9178789,0.46545172,0.0,1.0569375,0.9974522,0.4154879,0.0741529,0.9307587,0.7959418,0.42068246
ISIC_0010479,1.189708,1.2168007,1.3584725,0.0,0.0,1.9598671,0.0,0.0,1.4249698,0.0,1.3991916,0.0,0.0,0.0,2.4181473,0.0,0.59396255,3.512883,0.0,0.0,0.0,0.0,2.5890915,0.7099485,0.0,2.5188375,1.0352957,1.8872426,0.0,3.1426535,1.4882313,0.9440228
ISIC_0010644,0.0,0.0,0.0,0.0,1.2972531,0.0,1.0365741,0.6840304,0.0,1.3509148,0.85310924,0.0,1.4573693,1.0983163,0.0,0.1444459,0.0,0.37744093,0.48179176,0.59513426,0.0,0.51230216,0.9885862,0.30335572,1.2717196,0.0,0.86179876,0.0,1.27002,0.0,0.0,0.0
ISIC_0011383,0.0,0.0,0.0,0.0,1.2845967,0.0,0.99219406,0.718842,0.0,1.3155128,0.973614,0.0,1.324121,1.0725067,0.09238458,0.10626384,0.0,0.4898768,0.41243538,0.60171056,0.0,0.47365883,1.0141408,0.2415393,1.2130741,0.0,0.9207742,0.0,1.2004597,0.0,0.0,0.0
ISIC_0010881,0.2742467,0.730583,0.36555886,0.0,0.0,0.8918931,0.0,0.0,0.4557646,0.0,1.2978809,0.0,0.0,0.05050099,1.4064031,0.0,0.0807495,1.9192239,0.0,0.0,0.0,0.0,1.1934744,0.5800084,0.0,0.9248326,0.83516127,0.4835201,0.1435475,1.0974468,1.0241843,0.53909343
ISIC_0011313,0.10770366,0.61812985,0.22099823,0.0,0.0,0.7856808,0.0,0.0,0.455407,0.0,1.2194941,0.0,0.018276975,0.2008297,1.1430306,0.0,0.013384581,1.568423,0.0,0.026837595,0.0,0.0,0.8884872,0.56261706,0.0,0.7257699,0.9104413,0.300719,0.3302866,0.8974912,0.72386605,0.5708153
ISIC_0011266,0.28678104,0.7873166,0.40019292,0.0,0.0,0.93647027,0.0,0.0,0.47199842,0.0,1.342969,0.0,0.0,0.04701364,1.5064869,0.0,0.1380792,1.8774508,0.0,0.0,0.0,0.0,1.3472332,0.4984946,0.0,1.1002113,1.0581741,0.57681227,0.05255364,1.2197278,0.9945182,0.4397767
ISIC_0010952,0.1871258,0.63858783,0.16978498,0.0,0.0,0.7220375,0.0,0.0,0.4921364,0.0,1.2631305,0.0,0.0,0.16024646,1.3086588,0.0,0.12303549,1.8354704,0.0,0.0,0.0,0.0,1.1408305,0.45766884,0.0,0.8166395,0.9235345,0.5449271,0.21626014,1.0768151,0.7419123,0.52445567
ISIC_0010053,0.53678894,1.0954013,0.6630532,0.0,0.0,1.4069109,0.0,0.0,0.77054036,0.0,1.301148,0.0,0.0,0.0,1.8683345,0.0,0.3114689,2.5643694,0.0,0.0,0.0,0.0,1.8057519,0.63459253,0.0,1.5594949,0.9860689,1.0704696,0.0,1.7790115,1.2641004,0.57040745
ISIC_0011356,1.9676106,1.4804084,2.4963236,0.6642321,0.0,3.7242951,0.0,0.0,2.4700387,0.0,0.22751738,0.0,0.0,0.0,2.4381309,0.0,1.7384505,2.4740121,0.0,0.0,0.704209,0.0,2.7156904,0.9150156,0.0,1.8146775,0.26045272,3.1336226,0.0,3.4661574,2.3954313,0.9039135
ISIC_0009916,1.3907545,1.3932278,1.7979811,0.14230347,0.0,2.8396044,0.0,0.0,2.0198345,0.0,0.96490014,0.0,0.0,0.0,2.1770654,0.0,1.462821,2.3656273,0.0,0.0,0.12629984,0.0,2.0750232,1.1528015,0.0,1.5405513,0.9197491,2.2439728,0.0,2.7027473,2.0987117,0.9069157
ISIC_0011126,0.75372577,1.387259,1.4705365,0.0,0.0,2.3423748,0.0,0.0,1.6201314,0.0,0.8084893,0.0,0.0,0.0,2.5753531,0.0,0.8320261,2.8861036,0.0,0.0,0.0,0.0,2.4864457,0.6017082,0.0,1.9278715,0.76622874,2.008438,0.0,2.8302536,1.7106148,0.8192659
ISIC_0010317,0.8602911,0.95266855,0.7486621,0.0,0.0,1.182115,0.0,0.0,0.47201312,0.0,1.5812603,0.0,0.0,0.0,2.044474,0.0,0.49164465,2.0892453,0.0,0.0,0.0,0.0,1.6990058,0.5037476,0.0,1.5939008,1.3068775,0.9421899,0.0,1.4405732,1.1583576,0.67032045
ISIC_0011174,0.53744876,1.1968021,0.9209172,0.0,0.0,1.4212577,0.0,0.0,0.8718661,0.0,1.1005303,0.0,0.0,0.0,1.9665315,0.0,0.3068909,2.643444,0.0,0.0,0.0,0.0,1.780615,0.6015731,0.0,1.5124158,0.98523825,1.1302536,0.0,1.9982817,1.3448628,0.6171471
ISIC_0011275,0.8085183,1.1331582,0.8430674,0.0,0.0,1.4081385,0.0,0.0,1.12587,0.0,1.0634505,0.0,0.0,0.0,1.7779489,0.0,0.45687106,2.2450829,0.0,0.0,0.0,0.0,1.460411,0.8513561,0.0,1.0515392,0.7590583,1.2236862,0.0,1.8636467,1.2813207,0.8830227
ISIC_0009889,0.5353582,0.93618,0.49174225,0.0,0.0,1.0398374,0.0,0.0,0.4661387,0.0,1.4434155,0.0,0.0,0.0,1.7294073,0.0,0.3160857,2.0667512,0.0,0.0,0.0,0.0,1.3777157,0.5705483,0.0,1.2915913,1.1140617,0.78499895,0.0,1.216981,1.1012528,0.5496088
ISIC_0010273,0.0,0.032092586,0.0,0.0,0.37634254,0.47761568,0.0,0.1890738,0.044639558,0.27499664,1.2423832,0.0,0.49499363,0.58210045,0.741755,0.0,0.0,1.2641208,0.084281586,0.26879275,0.0,0.14047143,0.88756347,0.36697143,0.0766204,0.50355214,0.8361226,0.0,0.62525344,0.48811114,0.2520699,0.40263546
ISIC_0010966,0.35627356,0.9141573,0.50907296,0.0,0.0,0.85864687,0.0,0.0,0.3674715,0.0,1.4546497,0.0,0.0,0.0,1.5919199,0.0,0.24032113,1.845812,0.0,0.0,0.0,0.0,1.2399089,0.5219667,0.0,1.0694427,0.9848691,0.4877715,0.0,0.9671011,0.92264104,0.65625703
ISIC_0010399,0.15631855,0.685175,0.23298423,0.0,0.0,0.6205301,0.0,0.0,0.19033554,0.0,1.3429977,0.0,0.0,0.27602,1.329428,0.0,0.07354333,1.606812,0.0,0.07110075,0.0,0.0,0.95761466,0.44192335,0.0,0.576095,0.77709806,0.3492404,0.4225754,0.51671743,0.7204865,0.6324511
ISIC_0010870,0.17603028,0.6304044,0.25540838,0.0,0.0,0.79708815,0.0,0.0,0.40257013,0.0,1.2220479,0.0,0.0,0.20832004,1.2495825,0.0,0.013718262,1.7264239,0.0,0.0,0.0,0.0,0.96561223,0.48002765,0.0,0.73158336,0.7587914,0.38687557,0.28837997,0.91712105,0.75470334,0.6130517
ISIC_0010993,0.52800727,1.1269809,0.9970363,0.0,0.0,1.5869361,0.0,0.0,1.1754421,0.0,0.9855648,0.0,0.0,0.0,2.0015924,0.0,0.22874047,2.6297014,0.0,0.0,0.0,0.0,1.6743853,0.6932909,0.0,1.3886236,0.66187775,1.0877391,0.0,2.1699862,1.433413,0.600773
ISIC_0011333,0.1567044,0.5791336,0.1281165,0.0,0.050136104,0.6743447,0.0,0.0,0.42498496,0.0,1.2365271,0.0,0.0,0.2794373,1.1466115,0.0,0.016583368,1.7166529,0.0,0.11642926,0.0,0.0,0.90350664,0.5123277,0.0,0.5541174,0.7298953,0.40787178,0.3495744,0.75955963,0.7387974,0.58066255
ISIC_0010354,0.43683624,0.9041328,0.4193695,0.0,0.0,0.80248773,0.0,0.0,0.46923903,0.0,1.5965452,0.0,0.0,0.0,1.568531,0.0,0.5206449,1.7812588,0.0,0.0,0.0,0.0,1.0280308,0.54333353,0.0,1.1953539,1.1631973,0.61582065,0.0,0.79821897,0.83734244,0.6622065
ISIC_0009986,0.11025295,0.7507954,0.25166827,0.0,0.0,0.7337863,0.0,0.0,0.33385277,0.0,1.4538057,0.0,0.0,0.32054442,1.3090777,0.022829734,0.17004836,1.759628,0.0,0.0,0.0,0.0,0.87598246,0.46418408,0.0,1.0807451,1.0763993,0.41820765,0.10660559,0.8456794,0.7368472,0.42957997
ISIC_0010240,0.0,0.0,0.0,0.0,0.81079865,0.22922537,0.30678907,0.4674475,0.0,0.7923358,1.2206968,0.0,0.8446703,0.7691674,0.62928104,0.04057301,0.0,0.9077154,0.29875344,0.514325,0.0,0.30676636,0.92518145,0.27036,0.49697226,0.26000473,0.8152225,0.0,1.0078597,0.1809187,0.0,0.25307906
ISIC_0011053,0.5580931,1.0115385,0.68742675,0.0,0.0,0.9653375,0.0,0.0,0.4860568,0.0,1.5271366,0.0,0.0,0.0,1.8161502,0.0,0.52749383,2.0595922,0.0,0.0,0.0,0.0,1.2302663,0.6101901,0.0,1.1681213,1.1387209,0.800444,0.0,0.83597255,0.99955726,1.0054733
ISIC_0010584,0.5479883,0.9558449,0.6195282,0.0,0.0,1.159452,0.0,0.0,0.7963064,0.0,1.3690994,0.0,0.0,0.0,1.8157804,0.0,0.34624374,2.3951356,0.0,0.0,0.0,0.0,1.6107515,0.6622833,0.0,1.4698658,1.0191,0.93190926,0.0,1.7165787,1.0911157,0.5789832
ISIC_0010688,0.35070872,0.90372586,0.44926828,0.0,0.0,1.0056728,0.0,0.0,0.55432427,0.0,1.4308826,0.0,0.0,0.0,1.6422293,0.0,0.40706366,1.8842506,0.0,0.0,0.0,0.0,1.4513613,0.42057735,0.0,1.2663189,1.1740289,0.6880208,0.0,1.279419,0.9392457,0.57843775
ISIC_0010049,0.7033452,0.9455779,0.71003544,0.0,0.0,1.0255744,0.0,0.0,0.38016868,0.0,1.595357,0.0,0.0,0.0,1.9359517,0.0,0.48456672,2.0506196,0.0,0.0,0.0,0.0,1.3309102,0.49139598,0.0,1.5132887,1.3295262,0.76054114,0.0,1.1805775,0.97372216,0.71426666
ISIC_0010516,0.8827071,1.3566957,1.5858736,0.0,0.0,2.2276392,0.0,0.0,1.683464,0.0,0.9789171,0.0,0.0,0.0,2.4107113,0.0,0.7547419,3.4501834,0.0,0.0,0.0,0.0,2.183992,0.7801987,0.0,2.1710038,1.0138727,1.9944047,0.0,3.0213883,1.5099578,1.0553892
ISIC_0010215,0.6341611,0.97175807,0.60716313,0.0,0.0,1.1643312,0.0,0.0,0.70531213,0.0,1.5088168,0.0,0.0,0.0,1.810046,0.0,0.40261203,2.3999925,0.0,0.0,0.0,0.0,1.4826697,0.5274409,0.0,1.52788,1.0247829,0.9866834,0.0,1.5002228,1.0478144,0.7449318
ISIC_0009909,0.5737287,1.0359347,0.8127012,0.0,0.0,1.3389088,0.0,0.0,0.6868808,0.0,1.2587541,0.0,0.0,0.0,1.9511938,0.0,0.3800096,2.3785853,0.0,0.0,0.0,0.0,1.5446095,0.6151525,0.0,1.456641,1.0890807,0.93986195,0.0,1.5975097,1.1825665,0.71333814
ISIC_0010292,1.0006173,1.1468706,1.1112304,0.0,0.0,1.5690666,0.0,0.0,0.8123479,0.0,1.5732934,0.0,0.0,0.0,2.3204908,0.0,0.5095179,2.9056594,0.0,0.0,0.0,0.0,2.2153337,0.58264947,0.0,2.1366608,1.1550391,1.3954418,0.0,2.2760472,1.305087,0.86620665
ISIC_0011178,0.15708351,0.72914976,0.40557352,0.0,0.0,0.7371057,0.0,0.0,0.28256878,0.0,1.4151322,0.0,0.0,0.2472751,1.4402511,0.0,0.018327028,1.9429443,0.0,0.0,0.0,0.0,0.8960367,0.520717,0.0,1.0813172,1.0928667,0.43248183,0.0,0.9597318,0.7729544,0.49814987
ISIC_0011069,1.4021018,1.262387,1.4946574,0.0,0.0,1.8910859,0.0,0.0,0.76768124,0.0,1.8069504,0.0,0.0,0.0,2.7399757,0.0,0.8738707,3.319998,0.0,0.0,0.0,0.0,2.6304424,0.5342986,0.0,2.6361637,1.5098684,1.8044505,0.0,2.4834332,1.4047313,1.0961576
ISIC_0009975,0.0,0.0,0.0,1.3734739,2.7805014,0.0,4.6264706,1.3361634,0.0,2.7841065,0.0,0.32474586,2.6384249,1.9623038,0.0,1.0838453,0.0,0.0,1.5658896,1.151216,1.9932238,0.7958354,0.0,0.0,1.9615111,0.0,0.0,0.0,1.0375979,0.0,0.0,0.0
ISIC_0010046,0.578466,0.93517154,0.57081234,0.0,0.0,1.3090729,0.0,0.0,1.0094943,0.0,1.163408,0.0,0.0,0.0,1.7165792,0.0,0.28767353,2.497594,0.0,0.0,0.0,0.0,1.7103777,0.727075,0.0,1.3707212,0.82347834,1.0199358,0.0,2.0093815,1.2892338,0.5047231
ISIC_0010344,0.58260274,0.91120726,0.56704116,0.0,0.0,1.0945259,0.0,0.0,0.7546654,0.0,1.3466152,0.0,0.0,0.0,1.6652484,0.0,0.37658167,2.2352417,0.0,0.0,0.0,0.0,1.3333324,0.610344,0.0,1.2535977,0.9961448,0.87567186,0.0,1.4411436,1.0341134,0.7142771
ISIC_0010427,0.8240725,1.2510116,1.0681382,0.0,0.0,1.7421538,0.0,0.0,1.0249836,0.0,1.4540716,0.0,0.0,0.0,2.2407067,0.0,0.74706316,3.2740512,0.0,0.0,0.044770755,0.0,2.4981115,0.48607224,0.0,2.4791405,0.9889825,1.6442397,0.0,2.4990046,1.3008183,0.856755
ISIC_0010222,1.038118,1.357264,1.5442506,0.0,0.0,2.0794907,0.0,0.0,1.6997027,0.0,1.1217003,0.0,0.0,0.0,2.3862135,0.0,0.62296724,3.6363766,0.0,0.0,0.0,0.0,2.2656484,1.0096257,0.0,2.2081606,0.9100985,1.8242389,0.0,3.151283,1.6385692,1.0057257
ISIC_0011182,0.57530844,0.89543355,0.48299623,0.0,0.0,1.0691183,0.0,0.0,0.70279086,0.0,1.4007455,0.0,0.0,0.0,1.7122812,0.0,0.27218765,2.276738,0.0,0.0,0.0,0.0,1.4637975,0.5820155,0.0,1.3257428,0.98685807,0.82448477,0.0,1.5334827,1.1156744,0.5026564
ISIC_0011399,0.6339989,1.0809505,0.9151553,0.0,0.0,1.5006496,0.0,0.0,1.1177931,0.0,1.145179,0.0,0.0,0.0,1.9876413,0.0,0.33161345,2.6153748,0.0,0.0,0.0,0.0,1.5290821,0.67234814,0.0,1.5260245,0.8560826,1.1407161,0.0,1.9612577,1.2645558,0.73731387
ISIC_0011148,0.46866456,0.90041584,0.4900993,0.0,0.0,1.0073574,0.0,0.0,0.48302984,0.0,1.3693526,0.0,0.0,0.0,1.7129819,0.0,0.3401877,1.9604273,0.0,0.0,0.0,0.0,1.4915878,0.48034084,0.0,1.2212105,1.0948973,0.7111321,0.0,1.2972623,1.0481039,0.52594995
ISIC_0010270,0.099034846,0.4454069,0.15177716,0.0,0.14771038,0.6126044,0.0,0.02893842,0.12948292,0.0,1.4903287,0.0,0.10943532,0.459772,1.1993747,0.0,0.097246155,1.4285762,0.0,0.11544559,0.0,0.0,0.8659473,0.37389597,0.0,0.78618103,1.0384821,0.21237172,0.35843828,0.6302875,0.60247713,0.4988097
ISIC_0010014,0.038052738,0.13645451,0.0,0.0,0.63665235,0.37541813,0.0,0.35108572,0.0,0.40573585,1.495735,0.0,0.35241362,0.70394564,0.992112,0.040834866,0.0,0.882983,0.06850188,0.4350369,0.0,0.0,0.6556626,0.22902116,0.0,0.51391184,0.9934753,0.010603815,0.7560586,0.029392302,0.18403438,0.3707614
ISIC_0011119,0.5293127,0.8575684,0.4522426,0.0,0.0,0.95873386,0.0,0.0,0.6641654,0.0,1.411417,0.0,0.0,0.0,1.6282816,0.0,0.35807472,2.0079389,0.0,0.0,0.0,0.0,1.274355,0.6017647,0.0,1.1463057,1.0424929,0.6987002,0.0,1.2645017,0.9603991,0.6318975
ISIC_0009896,0.52327216,0.8856134,0.45860338,0.0,0.0,0.9263729,0.0,0.0,0.5494905,0.0,1.4649882,0.0,0.0,0.0,1.6520121,0.0,0.34968182,2.033772,0.0,0.0,0.0,0.0,1.2118239,0.54883134,0.0,1.1677784,1.017805,0.68038875,0.0,1.1591464,0.9445551,0.6484677
ISIC_0011156,0.5194242,1.074211,0.66077554,0.0,0.0,1.4358628,0.0,0.0,1.0748383,0.0,1.108136,0.0,0.0,0.0,1.7976172,0.0,0.4813268,2.4665573,0.0,0.0,0.0,0.0,1.5436742,0.7510285,0.0,1.1201218,0.83651155,1.2114958,0.0,1.6445816,1.168663,0.8963091
ISIC_0010543,0.0,0.0,0.0,0.0,0.61564267,0.2850422,0.024243139,0.2246514,0.0,0.35036436,1.4225568,0.0,0.4055489,0.6575004,0.9549113,0.0,0.0,1.0335265,0.10311929,0.30276343,0.0,0.0,0.8269552,0.23372349,0.13864227,0.4555391,1.0638722,0.0,0.669039,0.18840204,0.043902546,0.28967687
ISIC_0010066,0.15013896,0.71614045,0.083446465,0.0,0.010541491,0.7787895,0.0,0.0,0.6501831,0.0,1.1294729,0.0,0.03383755,0.19876738,1.0733416,0.0,0.15189579,1.6487337,0.0,0.10123933,0.0,0.0,0.93054116,0.5749142,0.0,0.5791264,0.751429,0.5153984,0.3535414,1.0005561,0.73374563,0.52507055
ISIC_0010466,0.49733606,1.0417848,0.6379213,0.0,0.0,1.288763,0.0,0.0,0.8349378,0.0,1.2447566,0.0,0.0,0.0,1.7993631,0.0,0.30316457,2.4120579,0.0,0.0,0.0,0.0,1.6600902,0.6566863,0.0,1.3587345,0.89882433,0.94164985,0.0,1.6897972,1.2173221,0.6036543
ISIC_0010424,0.0,0.0,0.0,0.0,1.2982539,0.0,1.2497553,0.6532216,0.0,1.4774666,0.6976061,0.0,1.4240565,1.1965106,0.0,0.15137106,0.0,0.29747444,0.4337205,0.5189635,0.0,0.5771892,1.0812616,0.29372048,1.3105634,0.0,0.69563067,0.0,1.2459815,0.0,0.0,0.0
ISIC_0010940,0.0,0.0,0.0,0.0,0.70246613,0.36795634,0.0680691,0.39559847,0.0,0.5390979,1.3631945,0.0,0.610382,0.76725197,0.86872,0.04336437,0.0,0.9429165,0.188411,0.40782112,0.0,0.088450536,0.88116586,0.31858617,0.24580576,0.43267137,0.98510754,0.0,0.800753,0.1916332,0.06826828,0.32126555
ISIC_0010214,0.85031736,1.0893064,0.9983214,0.0,0.0,1.4727627,0.0,0.0,0.8464571,0.0,1.3879497,0.0,0.0,0.0,2.1953108,0.0,0.41421854,2.7255528,0.0,0.0,0.0,0.0,1.9820063,0.68938386,0.0,1.8254473,1.0599158,1.1671402,0.0,2.1594524,1.3146217,0.7725444
ISIC_0010772,0.53570247,1.1057637,0.8803656,0.0,0.0,1.4167916,0.0,0.0,0.9269875,0.0,1.1653275,0.0,0.0,0.0,1.9706311,0.0,0.22274457,2.722372,0.0,0.0,0.0,0.0,1.648447,0.7244857,0.0,1.5634655,0.9450559,1.092953,0.0,1.9675897,1.2705101,0.6514947
ISIC_0010661,0.9992604,1.3333786,1.3561746,0.0,0.0,2.2640405,0.0,0.0,1.9368137,0.0,0.8587352,0.0,0.0,0.0,2.0031757,0.0,0.8929824,3.0621402,0.0,0.0,0.0,0.0,1.9635676,0.9925025,0.0,1.6502342,0.7662887,2.1153672,0.0,2.8881485,1.8265302,0.90069056
ISIC_0010878,0.2557764,0.773585,0.32756886,0.0,0.0,0.73571,0.0,0.0,0.24443401,0.0,1.5920562,0.0,0.0,0.20691572,1.4518201,0.017947145,0.35096186,1.5394619,0.0,0.0,0.0,0.0,0.87925607,0.39557165,0.0,1.0794046,1.1765107,0.38625807,0.03275673,0.66079783,0.68611276,0.6200754
ISIC_0010405,0.0,0.0,0.0,0.0,0.5974648,0.44249877,0.0,0.3130361,0.0,0.43323213,1.3881309,0.0,0.50602,0.7346136,0.92422235,0.08018095,0.0,1.0626988,0.16374364,0.3299643,0.0,0.008952133,0.87788314,0.28284207,0.1497885,0.5185405,0.9486794,0.0,0.70971155,0.2161928,0.12895241,0.39724982
ISIC_0010158,1.4558986,1.5206549,1.7572736,0.0,0.0,2.3957062,0.0,0.0,1.9167011,0.0,1.0818484,0.0,0.0,0.0,2.688823,0.0,0.9035717,4.2784314,0.0,0.0,0.24039888,0.0,3.3494475,0.7642433,0.0,2.959911,0.68940103,2.5006986,0.0,4.065185,2.0617719,1.0515118
ISIC_0010360,0.536018,0.9885068,0.7044865,0.0,0.0,1.2215677,0.0,0.0,0.75392616,0.0,1.2573085,0.0,0.0,0.0,1.8544471,0.0,0.3023289,2.438624,0.0,0.0,0.0,0.0,1.5032103,0.6966785,0.0,1.2688808,0.8791412,0.9136625,0.0,1.5413818,1.1296164,0.86104685
ISIC_0010322,1.3000188,1.2821014,1.3742963,0.0,0.0,2.5835924,0.0,0.0,1.9425757,0.0,0.84678507,0.0,0.0,0.0,2.0160677,0.0,1.2444263,2.3134594,0.0,0.0,0.0,0.0,1.8818692,1.119595,0.0,1.3342434,0.84742165,2.1644766,0.0,2.745346,1.747673,0.6581187
ISIC_0009890,0.39557487,1.0458524,0.731599,0.0,0.0,1.3887863,0.0,0.0,1.0552425,0.0,1.1255188,0.0,0.0,0.0,1.7223675,0.0,0.4877092,2.219911,0.0,0.0,0.0,0.0,1.382067,0.66866654,0.0,1.3580263,0.9231634,0.91500294,0.0,1.7108352,1.1587847,0.55052614
ISIC_0010873,0.25181815,0.69784,0.38678008,0.0,0.0,0.8381428,0.0,0.0,0.26654136,0.0,1.3404458,0.0,0.0,0.14496219,1.4735994,0.0,0.040416986,1.7515323,0.0,0.0,0.0,0.0,1.1843094,0.49394593,0.0,0.8704428,0.91319495,0.42393425,0.24840605,0.9106684,0.886243,0.53034467
ISIC_0011141,0.69045806,0.96096414,0.6665666,0.0,0.0,1.0030419,0.0,0.0,0.36608306,0.0,1.6694422,0.0,0.0,0.0,1.9004385,0.0,0.54137945,1.8453062,0.0,0.0,0.0,0.0,1.3746694,0.43551716,0.0,1.5349432,1.3881701,0.7031769,0.0,1.0917081,0.99229807,0.6541209
ISIC_0010798,0.51123416,0.92253786,0.5166168,0.0,0.0,0.943788,0.0,0.0,0.37471652,0.0,1.5987476,0.0,0.0,0.0,1.7716556,0.0,0.4995143,1.8556781,0.0,0.0,0.0,0.0,1.2746361,0.46160397,0.0,1.3687894,1.2887074,0.65317404,0.0,1.0331959,0.89859396,0.63288635
ISIC_0010705,0.76630294,1.1957073,0.9496074,0.0,0.0,1.3886337,0.0,0.0,0.39267826,0.0,1.5777942,0.0,0.0,0.0,2.2921848,0.0,0.4346547,2.533747,0.0,0.0,0.0,0.0,1.9236972,0.40720618,0.0,1.856785,1.2202715,1.0415953,0.0,1.6005328,1.1793551,0.84378964
ISIC_0011224,0.119249575,0.5067363,0.14019467,0.0,0.0,0.62686133,0.0,0.0,0.28769368,0.0,1.3251112,0.0,0.029900946,0.30290103,1.1603976,0.0033997223,0.05054681,1.5596536,0.0,0.10470114,0.0,0.0,0.89360034,0.44282347,0.0,0.71449214,0.83339775,0.29013374,0.35686353,0.70625865,0.5974781,0.52836865
ISIC_0010788,0.13756175,0.4393378,0.09897169,0.0,0.20998804,0.45244387,0.0,0.14319858,0.11369485,0.0404526,1.429611,0.0,0.0,0.52999234,1.1046841,0.0,0.16728978,1.140446,0.0,0.23391703,0.0,0.0,0.6386943,0.37155473,0.0,0.5908976,0.98896354,0.2015129,0.43176252,0.33982173,0.45201725,0.54265016
ISIC_0009988,1.3285888,1.2950385,1.5264608,0.0,0.0,1.9640394,0.0,0.0,1.2249842,0.0,1.5690231,0.0,0.0,0.0,2.608164,0.0,0.65579724,3.5974476,0.0,0.0,0.0,0.0,2.8264506,0.71078485,0.0,2.7810595,1.1121751,1.9536693,0.0,3.1639888,1.6296917,0.957771
ISIC_0010684,0.18574809,0.57812595,0.23990649,0.0,0.0,0.74921584,0.0,0.0,0.26791772,0.0,1.3464108,0.0,0.0,0.26606804,1.3000312,0.0,0.037600264,1.7331183,0.0,0.0,0.0,0.0,1.1048144,0.5007204,0.0,0.77367055,0.8711273,0.3741025,0.2989554,0.87634957,0.7702079,0.54368955
ISIC_0009870,0.44595975,0.8386633,0.47044325,0.0,0.0,0.8215997,0.0,0.0,0.3490432,0.0,1.5663377,0.0,0.0,0.0,1.625802,0.0,0.39707285,1.6661752,0.0,0.0,0.0,0.0,1.2419399,0.39022738,0.0,1.2446325,1.232584,0.5813783,0.0,0.9826783,0.83757645,0.6062476
ISIC_0010402,0.16720498,0.8635757,0.42554694,0.0,0.0,1.1216834,0.0,0.0,0.9697455,0.0,0.986694,0.0,0.0,0.0,1.3935397,0.0,0.22184055,2.0434527,0.0,0.0,0.0,0.0,1.2038407,0.57460594,0.0,0.96914285,0.7691481,0.8476202,0.07052679,1.6779778,0.94845885,0.5383155
ISIC_0010373,0.19158903,0.7783118,0.37752408,0.0,0.0,0.92569035,0.0,0.0,0.66766334,0.0,1.1576827,0.0,0.0,0.026640661,1.3646021,0.0,0.0870221,1.888827,0.0,0.0,0.0,0.0,1.1141193,0.5770683,0.0,0.9524922,0.8798752,0.5210582,0.068781,1.2736944,0.9186539,0.47318107
ISIC_0010839,0.54308337,0.98255646,0.5747703,0.0,0.0,1.0986712,0.0,0.0,0.5483522,0.0,1.4753907,0.0,0.0,0.0,1.8257823,0.0,0.5118786,2.0897002,0.0,0.0,0.0,0.0,1.5202241,0.5564066,0.0,1.3885857,1.2402008,0.8182629,0.0,1.291105,1.0188862,0.70224375
ISIC_0010112,0.6209743,0.86792445,0.5743658,0.0,0.0,0.870912,0.0,0.0,0.36971405,0.0,1.584439,0.0,0.0,0.0,1.8283315,0.0,0.45184782,1.8160423,0.0,0.0,0.0,0.0,1.1380191,0.50174105,0.0,1.1702898,1.1533414,0.68757224,0.0,0.83754826,0.81525576,0.91748124
ISIC_0010833,0.37344134,0.77076656,0.3507213,0.0,0.0,0.79926884,0.0,0.0,0.19105537,0.0,1.6342641,0.0,0.0,0.13129248,1.5618336,0.0,0.45234373,1.5688962,0.0,0.0,0.0,0.0,0.91960996,0.36915848,0.0,1.2095902,1.2408652,0.4578405,0.045951456,0.70675194,0.7661493,0.5601068
ISIC_0010975,1.6251085,1.4143338,1.5904336,0.0,0.0,1.8571302,0.0,0.0,0.3405862,0.0,2.1295912,0.0,0.0,0.0,3.1008246,0.0,0.97431374,3.1567428,0.0,0.0,0.0,0.0,3.1166384,0.4435163,0.0,2.9375265,1.5904316,1.7398282,0.0,2.2995176,1.5332971,1.2107956
ISIC_0009934,0.89499485,0.9728914,0.91074145,0.0,0.0,1.2274951,0.0,0.0,0.64360976,0.0,1.4553295,0.0,0.0,0.0,2.1116037,0.0,0.50490594,2.237359,0.0,0.0,0.0,0.0,1.9086338,0.49600226,0.0,1.6817632,1.357353,1.1110283,0.0,1.877345,1.1431642,0.7802441
ISIC_0010867,0.22371632,0.5715754,0.29614866,0.0,0.0,0.67670435,0.0,0.0,0.07830741,0.0,1.4227428,0.0,0.010523289,0.27514386,1.3960979,0.0,0.050527185,1.5388407,0.0,0.015287578,0.0,0.0,1.030632,0.44013214,0.0,0.7648183,0.95399714,0.31900755,0.4059871,0.6861218,0.6599526,0.6120318
ISIC_0011262,0.6281567,0.98319584,0.7175285,0.0,0.0,1.2623125,0.0,0.0,0.63826776,0.0,1.2568862,0.0,0.0,0.0,1.878495,0.0,0.2864837,2.3722456,0.0,0.0,0.0,0.0,1.6180496,0.67845696,0.0,1.2937509,0.97199994,0.9323521,0.0,1.5726998,1.19702,0.7262263
ISIC_0010815,0.51823056,0.8521683,0.49907702,0.0,0.0,1.0035443,0.0,0.0,0.66172993,0.0,1.4674793,0.0,0.0,0.0,1.6067665,0.0,0.38570118,2.0763223,0.0,0.0,0.0,0.0,1.2614053,0.5762596,0.0,1.3238866,1.1072631,0.7390005,0.0,1.3312845,0.90780026,0.63055766
ISIC_0010592,0.3740428,0.88373566,0.4499796,0.0,0.0,1.0012275,0.0,0.0,0.5094189,0.0,1.4190962,0.0,0.0,0.0,1.672961,0.0,0.45391285,1.8342223,0.0,0.0,0.0,0.0,1.4704533,0.4753735,0.0,1.1983653,1.1992934,0.73309654,0.0,1.2061459,0.9448155,0.61326057
ISIC_0010571,0.6411917,1.3086493,0.9044413,0.0,0.0,1.4797574,0.0,0.0,0.629863,0.0,1.4167054,0.0,0.0,0.0,2.20423,0.0,0.36042127,2.870031,0.0,0.0,0.0,0.0,2.1646624,0.47549888,0.0,1.7711135,0.83950984,1.1334319,0.0,1.8129185,1.3618362,0.7468168
ISIC_0010355,0.37730643,0.9694401,0.66066235,0.0,0.0,1.2772409,0.0,0.0,0.9310243,0.0,1.0877736,0.0,0.0,0.0,1.6742733,0.0,0.21732254,2.2906444,0.0,0.0,0.0,0.0,1.5269268,0.6048836,0.0,1.2132996,0.79045886,0.90204984,0.0,1.811161,1.1955574,0.50342923
ISIC_0011189,0.50526285,1.1136508,0.58210003,0.0,0.0,1.0521842,0.0,0.0,0.39483023,0.0,1.6179678,0.0,0.0,0.0,1.9177532,0.0,0.50205076,2.1553493,0.0,0.0,0.0,0.0,1.5249591,0.44299474,0.0,1.4446876,1.1491039,0.78282565,0.0,1.1532102,1.0876344,0.75608283
ISIC_0011200,0.40830457,0.99844474,0.47834712,0.0,0.0,1.3088475,0.0,0.0,1.1170477,0.0,0.98680544,0.0,0.0,0.0,1.4262252,0.0,0.23967043,2.3415182,0.0,0.0,0.0,0.0,1.233348,0.81635135,0.0,0.8719865,0.4770316,0.7638201,0.0,1.6724359,1.2232445,0.72286844
ISIC_0010590,0.50616026,0.93066365,0.5265837,0.0,0.0,0.9857137,0.0,0.0,0.5021882,0.0,1.4674647,0.0,0.0,0.0,1.6967008,0.0,0.436859,1.9210782,0.0,0.0,0.0,0.0,1.3681866,0.624097,0.0,1.2069174,1.1495465,0.71670276,0.0,1.099588,1.0200522,0.6666656
ISIC_0011384,0.7782718,1.0399173,0.84714353,0.0,0.0,1.0645778,0.0,0.0,0.43931466,0.0,1.4994458,0.0,0.0,0.0,2.0207841,0.0,0.44521356,2.224917,0.0,0.0,0.0,0.0,1.3127589,0.6978252,0.0,1.3507582,1.2028805,0.8225509,0.0,1.0967735,1.0482674,0.95310175
ISIC_0011278,0.2847623,0.6893284,0.19635983,0.0,0.0,0.6883807,0.0,0.0,0.42939284,0.0,1.3770393,0.0,0.0,0.24255602,1.3113942,0.0,0.21095121,1.665548,0.0,0.0044080317,0.0,0.0,0.91090494,0.5203839,0.0,0.6895483,0.85998696,0.41456628,0.24835828,0.7270138,0.7821866,0.6339654
ISIC_0010239,1.0595498,1.3687565,1.6679076,0.0,0.0,2.5509624,0.0,0.0,1.6632354,0.0,0.9112164,0.0,0.0,0.0,2.4997103,0.0,1.0829608,3.1428692,0.0,0.0,0.07225289,0.0,2.6058674,0.7740747,0.0,2.207211,0.7649072,2.3180954,0.0,3.0830672,1.8889732,0.92333424
ISIC_0010118,1.22465,1.3601892,1.5850487,0.0,0.0,2.0071104,0.0,0.0,0.9494575,0.0,1.4970919,0.0,0.0,0.0,2.7583663,0.0,0.6963316,3.6000817,0.0,0.0,0.0,0.0,2.6014807,0.59761244,0.0,2.5941157,1.1947898,1.8758839,0.0,2.821591,1.4638469,1.2643386
ISIC_0010565,0.6764002,1.1957967,1.1188152,0.0,0.0,1.6738309,0.0,0.0,1.0944536,0.0,1.067891,0.0,0.0,0.0,2.2219784,0.0,0.3260208,2.960492,0.0,0.0,0.0,0.0,2.0043404,0.76280135,0.0,1.7513914,0.91228503,1.3445523,0.0,2.4123108,1.4610811,0.6968578
ISIC_0009880,0.0,0.046352275,0.0,0.0,0.56433225,0.3522669,0.0,0.31625628,0.0,0.39419055,1.5219543,0.0,0.36666787,0.6994948,1.0691123,0.06033682,0.0,0.9853367,0.08535091,0.33465448,0.0,0.0,0.7492774,0.24777368,0.0,0.516326,1.064208,0.0,0.7746955,0.0,0.09038929,0.40980747
ISIC_0010254,0.47127163,0.89329076,0.47848827,0.0,0.0,0.9705842,0.0,0.0,0.4725297,0.0,1.5007117,0.0,0.0,0.0,1.6577427,0.0,0.4799888,1.8532933,0.0,0.0,0.0,0.0,1.3238035,0.5898973,0.0,1.270147,1.2314339,0.6885238,0.0,1.0940509,0.98185676,0.5716857
ISIC_0010682,0.087548204,0.7066921,0.43780532,0.0,0.0,0.9677506,0.0,0.0,0.57182276,0.0,1.1389848,0.0,0.0,0.21863772,1.3332238,0.0,0.13063662,1.6745346,0.0,0.0,0.0,0.0,1.0260849,0.5610757,0.0,0.78752613,0.88817614,0.41977984,0.23966628,1.1422594,1.0499305,0.50999516
ISIC_0011227,0.5733253,0.87619793,0.5306758,0.0,0.0,0.93540055,0.0,0.0,0.43463382,0.0,1.6170791,0.0,0.0,0.0,1.7642474,0.0,0.5218253,1.8043994,0.0,0.0,0.0,0.0,1.3262607,0.4739621,0.0,1.3607485,1.293871,0.6674205,0.0,1.0698636,0.9032211,0.6455055
ISIC_0010098,0.0,0.0,0.0,0.0,1.2572507,0.0,1.2549207,0.679026,0.0,1.3867443,0.8312441,0.0,1.442405,1.2196081,0.0,0.10747946,0.0,0.3666389,0.47158244,0.5738698,0.0,0.53435993,1.0925945,0.34604138,1.288791,0.0,0.8099163,0.0,1.310307,0.0,0.0,0.0
ISIC_0010094,0.0,0.1491815,0.0,0.0,0.45032322,0.3947646,0.0,0.20086724,0.04183474,0.3257294,1.2676407,0.0,0.49092734,0.53650665,0.85263985,0.0,0.0,1.0918298,0.0803921,0.30564097,0.0,0.12394115,0.85717195,0.3869884,0.078437865,0.43876725,0.94168717,0.017099202,0.7228258,0.40262425,0.28177732,0.44846386
ISIC_0010058,0.25430518,0.7988332,0.3974016,0.0,0.0,0.9434891,0.0,0.0,0.8174974,0.0,1.2032704,0.0,0.0,0.0,1.3474541,0.0,0.34620142,1.8390425,0.0,0.0,0.0,0.0,1.1250298,0.66463965,0.0,0.9434203,1.0158414,0.6515536,0.0,1.4096332,0.97002506,0.51568025
ISIC_0010595,0.70224977,1.1006485,0.8773646,0.0,0.0,1.3220189,0.0,0.0,0.83185077,0.0,1.412618,0.0,0.0,0.0,1.9578114,0.0,0.31462052,2.8486345,0.0,0.0,0.0,0.0,1.6820651,0.66117626,0.0,1.7193154,0.91876626,1.1160659,0.0,1.8839929,1.2656088,0.81472296
ISIC_0011120,0.84232485,1.1000744,0.97653073,0.0,0.0,1.3428471,0.0,0.0,0.5571263,0.0,1.5537667,0.0,0.0,0.0,2.1733925,0.0,0.40478665,2.5901053,0.0,0.0,0.0,0.0,1.8736492,0.5232111,0.0,1.8402694,1.2542557,1.1282423,0.0,1.7488444,1.1429783,0.88766813
ISIC_0011362,0.3345862,0.6817146,0.21561603,0.0,0.0,0.71260047,0.0,0.0,0.39866042,0.0,1.4394513,0.0,0.0,0.17944686,1.3245428,0.0,0.2698678,1.5514573,0.0,0.0,0.0,0.0,0.9159413,0.45534062,0.0,0.78891844,0.8648192,0.4045605,0.27069795,0.68543416,0.7659147,0.63767123
ISIC_0010052,0.0,0.15431005,0.0,0.0,0.38284886,0.4997869,0.0,0.1785284,0.09161153,0.26355726,1.2680107,0.0,0.43510008,0.6270043,0.8322652,0.0,0.0,1.2007483,0.0236087,0.28884986,0.0,0.0,0.9078272,0.35603833,0.0,0.58380914,0.9366118,0.05008179,0.5703156,0.5669966,0.33742562,0.32493582
ISIC_0010606,0.17629045,0.6680375,0.25017712,0.0,0.06329356,0.5201137,0.0,0.043233573,0.23566544,0.0,1.5578969,0.0,0.0,0.37130767,1.2886479,0.0810088,0.330178,1.337219,0.0,0.22241655,0.0,0.0,0.4888252,0.42447186,0.0,0.688023,0.9306811,0.31906766,0.3526916,0.21016663,0.6086509,0.70709693
ISIC_0011215,0.30616212,0.87938744,0.47180212,0.0,0.0,0.96222794,0.0,0.0,0.60137415,0.0,1.3005419,0.0,0.0,0.0,1.6448629,0.0,0.5087031,1.7415594,0.0,0.0,0.0,0.0,1.4240943,0.5498527,0.0,1.0197847,1.1934211,0.7244435,0.015953265,1.2042891,0.874316,0.6202264
ISIC_0010103,0.37957484,1.0995195,0.7315347,0.0,0.0,1.3122181,0.0,0.0,0.95980763,0.0,1.059657,0.0,0.0,0.0,1.7121294,0.0,0.16962436,2.4004395,0.0,0.0,0.0,0.0,1.2165703,0.7301303,0.0,1.1043681,0.61463606,0.7493193,0.0,1.5979491,1.163726,0.74654704
ISIC_0011214,1.2362666,1.2796309,1.252151,0.0,0.0,2.451795,0.0,0.0,2.0752246,0.0,0.50134885,0.0,0.0,0.0,1.8625493,0.0,0.78328794,2.7615306,0.0,0.0,0.026536811,0.0,1.8244587,1.0884763,0.0,1.1951704,0.35769245,2.301827,0.0,3.2428887,1.652911,0.7970779
ISIC_0010820,0.5004697,0.8400496,0.51458114,0.0,0.0,0.874118,0.0,0.0,0.3934136,0.0,1.6319472,0.0,0.0,0.0,1.7252555,0.0,0.35545295,1.8416742,0.0,0.0,0.0,0.0,1.1227521,0.44006583,0.0,1.2901388,1.1585515,0.5396616,0.0,0.94663227,0.91031414,0.60893023
ISIC_0010310,1.2892817,1.1604602,1.4055606,0.0,0.0,1.7610298,0.0,0.0,0.8542099,0.0,1.5369024,0.0,0.0,0.0,2.599152,0.0,0.69775665,3.0968466,0.0,0.0,0.0,0.0,2.5961535,0.48878047,0.0,2.3746595,1.4336721,1.8110744,0.0,2.5846167,1.2808613,1.1240618
ISIC_0010111,0.92943704,1.1570396,0.9529598,0.0,0.0,1.4103106,0.0,0.0,0.41798574,0.0,1.8300037,0.0,0.0,0.0,2.3426166,0.0,0.5794478,2.3698835,0.0,0.0,0.0,0.0,2.0171282,0.36001998,0.0,2.0322769,1.3379352,1.0668547,0.0,1.551854,1.1496861,0.8769645
ISIC_0011171,0.0,0.4594822,0.07663694,0.0,0.19274719,0.6591687,0.0,0.1095877,0.12403397,0.0,1.4456671,0.0,0.15627344,0.5674862,1.2227511,0.12303773,0.0,1.5022382,0.0,0.15028721,0.0,0.0,0.7799827,0.33579302,0.0,0.8341764,1.013126,0.20833899,0.33734554,0.5127351,0.44911844,0.4517041
ISIC_0011105,0.4951788,0.7324949,0.39792866,0.0,0.0,0.82733786,0.0,0.0,0.4385996,0.0,1.4866779,0.0,0.0,0.03035865,1.5311153,0.0,0.36211902,1.7649157,0.0,0.0,0.0,0.0,1.1010107,0.5066248,0.0,1.1118649,1.089318,0.5187819,0.0,1.0175903,0.8374773,0.57872933
ISIC_0010529,0.24932984,0.75995183,0.38779163,0.0,0.0,0.983692,0.0,0.0,0.45319566,0.0,1.2911215,0.0,0.0,0.045476697,1.4800713,0.0,0.11584149,1.9199296,0.0,0.0,0.0,0.0,1.3090912,0.5039104,0.0,1.1243435,1.1049764,0.6033106,0.045312107,1.3050101,0.9591366,0.45858103
ISIC_0011100,0.46811765,0.9395269,0.63263166,0.0,0.0,1.151395,0.0,0.0,0.96929705,0.0,1.1601968,0.0,0.0,0.0,1.6438575,0.0,0.33550283,2.2163413,0.0,0.0,0.0,0.0,1.3393677,0.7184927,0.0,1.0838045,0.8268552,0.85630494,0.0,1.6009709,1.1373334,0.6230234
ISIC_0010483,0.6467341,1.0143774,0.6037014,0.0,0.0,1.0937018,0.0,0.0,0.47232783,0.0,1.6158017,0.0,0.0,0.0,1.9099927,0.0,0.47603676,2.119289,0.0,0.0,0.0,0.0,1.5107447,0.45861405,0.0,1.5660748,1.2797173,0.84710026,0.0,1.3025882,1.0466707,0.6595351
ISIC_0010694,0.6712668,1.080174,0.71642953,0.0,0.0,1.3613942,0.0,0.0,1.1089776,0.0,1.2638625,0.0,0.0,0.0,1.8383751,0.0,0.40592057,2.7358208,0.0,0.0,0.0,0.0,1.8229066,0.70397925,0.0,1.6201367,0.95916307,1.2162231,0.0,2.2373767,1.329,0.53790617
ISIC_0010528,0.1173828,0.549633,0.14890419,0.0,0.06252855,0.6184574,0.0,0.06861624,0.07895922,0.0,1.5681187,0.0,0.0,0.44141293,1.2221301,0.047231413,0.22576796,1.3606585,0.0,0.14200747,0.0,0.0,0.65122604,0.35349405,0.0,0.96243966,1.1761124,0.2173616,0.26866522,0.5116298,0.5270933,0.44879168
ISIC_0009935,0.40451673,0.9514387,0.63550216,0.0,0.0,0.99120885,0.0,0.0,0.52123994,0.0,1.2144784,0.0,0.0,0.0,1.7002363,0.0,0.17062671,2.0744748,0.0,0.0,0.0,0.0,1.4069586,0.67943364,0.0,0.9844356,0.8422618,0.61613786,0.0,1.2254618,1.1396543,0.6678371
ISIC_0010641,0.5540452,0.99740636,0.5687414,0.0,0.0,1.0120561,0.0,0.0,0.4369749,0.0,1.5820099,0.0,0.0,0.0,1.8136535,0.0,0.44918957,2.0577006,0.0,0.0,0.0,0.0,1.3541485,0.47839746,0.0,1.3784736,1.165841,0.7188617,0.0,1.0872223,1.0175328,0.6945271
ISIC_0011000,0.31663817,0.9179979,0.47596174,0.0,0.0,0.94712126,0.0,0.0,0.45601112,0.0,1.3302767,0.0,0.0,0.0,1.7046039,0.0,0.17480682,2.1794975,0.0,0.0,0.0,0.0,1.3975368,0.5017055,0.0,1.2683396,1.1241819,0.6818333,0.0,1.3169852,0.9333812,0.52741313
ISIC_0010875,0.7916734,1.0649617,0.86950594,0.0,0.0,1.4657284,0.0,0.0,0.96449864,0.0,1.4502012,0.0,0.0,0.0,2.0185814,0.0,0.5293923,2.8851693,0.0,0.0,0.0,0.0,1.9252152,0.62149185,0.0,1.9229165,1.0681095,1.3600032,0.0,2.1612678,1.2014877,0.8151114
ISIC_0010740,0.0,0.0,0.0,0.0,0.9574169,0.1801959,0.4198688,0.5459074,0.0,0.8771,1.2678652,0.0,0.88426965,0.84329045,0.7074075,0.028327681,0.0,0.776861,0.32964736,0.49772912,0.0,0.2727398,0.8785743,0.18565634,0.5843121,0.29050127,0.96976864,0.0,1.1065094,0.04094778,0.0,0.14127679
ISIC_0010028,0.33860603,0.74492204,0.2653112,0.0,0.0,0.8526617,0.0,0.0,0.7053795,0.0,1.2893524,0.0,0.0,0.1123604,1.3646946,0.0,0.24100778,2.0000765,0.0,0.0,0.0,0.0,1.1123759,0.59386206,0.0,0.89779305,0.94987947,0.6708435,0.0,1.265183,0.9156828,0.58197284
ISIC_0010131,0.0,0.0,0.0,0.062958546,2.1737406,0.0,2.8199677,1.083098,0.0,2.2545934,0.0,0.02472096,1.9732459,1.4522315,0.0,0.6324778,0.0,0.0,1.4098637,1.0661469,0.7670023,0.587114,0.0,0.0,1.5493504,0.0,0.0,0.0,1.2056625,0.0,0.0,0.0
ISIC_0010458,0.4335566,1.0816739,0.7532246,0.0,0.0,1.3096111,0.0,0.0,1.1815325,0.0,1.1117139,0.0,0.0,0.0,1.7202971,0.0,0.40183306,2.5395126,0.0,0.0,0.0,0.0,1.5218854,0.8308914,0.0,1.3572205,0.82700324,1.0212097,0.0,1.9137335,1.2627667,0.6429621
ISIC_0010069,0.30839288,0.8798013,0.4293549,0.0,0.0,1.0175552,0.0,0.0,0.50170416,0.0,1.3821815,0.0,0.0,0.0,1.5889761,0.0,0.1762339,1.990937,0.0,0.0,0.0,0.0,1.4280621,0.44648716,0.0,1.1837293,1.0390235,0.6455258,0.0,1.1979314,0.992603,0.5734552
ISIC_0011234,0.0,0.10732931,0.0,0.0,0.40702426,0.41513774,0.0,0.15214984,0.0,0.2443062,1.2999961,0.0,0.31122842,0.60615546,0.9684933,0.02466552,0.0,1.3229926,0.1253694,0.29533547,0.0,0.024268374,0.79595155,0.33186996,0.03353735,0.4853537,0.89005095,0.10162001,0.59298867,0.39814627,0.22556823,0.47572356
ISIC_0010358,0.2679224,0.6577013,0.3034299,0.0,0.0,0.68546855,0.0,0.0,0.19556417,0.0,1.4944545,0.0,0.0,0.26062113,1.3935947,0.0,0.20743284,1.5806124,0.0,0.0,0.0,0.0,0.83774334,0.41841722,0.0,1.019234,1.1088268,0.38102633,0.15631576,0.74012804,0.6655261,0.53432864
ISIC_0009998,0.0,0.0,0.0,0.0,0.903513,0.1285663,0.34592688,0.546715,0.0,0.8106979,1.367156,0.0,0.77931964,0.8812279,0.77410185,0.07830834,0.0,0.68234724,0.23741987,0.37513727,0.0,0.288051,0.92973477,0.09770456,0.49174124,0.28928852,0.9732077,0.0,1.0839825,0.0,0.0,0.30944943
ISIC_0010514,0.0,0.0,0.0,0.0,1.270887,0.0,1.0055076,0.70729935,0.0,1.3554899,0.908785,0.0,1.3894382,1.0752765,0.04748872,0.13440087,0.0,0.4245414,0.46289977,0.6109764,0.0,0.49255642,1.0130997,0.26998904,1.2473178,0.0,0.8784855,0.0,1.2386999,0.0,0.0,0.0
ISIC_0010189,0.7378882,1.1016359,0.98263764,0.0,0.0,1.4726297,0.0,0.0,0.92313206,0.0,1.2238917,0.0,0.0,0.0,2.0597715,0.0,0.30045944,2.772798,0.0,0.0,0.0,0.0,1.7764382,0.70650965,0.0,1.6891631,1.0720079,1.1861355,0.0,2.0822666,1.3367058,0.71843594
ISIC_0010850,0.49387255,0.9486958,0.50879335,0.0,0.0,0.98108464,0.0,0.0,0.5283464,0.0,1.5114794,0.0,0.0,0.0,1.7062106,0.0,0.42119485,2.0696654,0.0,0.0,0.0,0.0,1.3377298,0.5375764,0.0,1.3054277,1.1246144,0.7215407,0.0,1.1796772,0.9510137,0.6618921
ISIC_0010945,0.88224137,1.014623,0.82118905,0.0,0.0,1.4719292,0.0,0.0,0.66078967,0.0,1.6334853,0.0,0.0,0.0,2.1254961,0.0,0.43094707,2.6912084,0.0,0.0,0.0,0.0,1.9367405,0.5206686,0.0,1.8899401,1.0788664,1.2158538,0.0,1.8614036,1.2510839,0.77777016
ISIC_0010299,0.33038336,0.960385,0.5490864,0.0,0.0,1.1681217,0.0,0.0,0.8793632,0.0,1.1579086,0.0,0.0,0.0,1.6247039,0.0,0.24455541,2.348595,0.0,0.0,0.0,0.0,1.3270755,0.67643446,0.0,1.2156658,0.8419548,0.80728275,0.0,1.5637888,1.051155,0.57912934
ISIC_0010157,0.43418446,0.9127846,0.4798169,0.0,0.0,1.009629,0.0,0.0,0.7216407,0.0,1.2839575,0.0,0.0,0.0,1.5531268,0.0,0.33872658,2.121626,0.0,0.0,0.0,0.0,1.0969472,0.6831388,0.0,1.0782899,0.88877434,0.71153945,0.0,1.2402238,0.9359227,0.7275017
ISIC_0010520,0.5116284,0.87106824,0.4871359,0.0,0.0,0.8777549,0.0,0.0,0.43470162,0.0,1.4999207,0.0,0.0,0.0,1.7047033,0.0,0.3702793,1.890647,0.0,0.0,0.0,0.0,1.2651403,0.4755912,0.0,1.1552875,1.1148266,0.6143029,0.0,1.0594628,0.93097764,0.63149685
ISIC_0011209,0.77090585,1.2361782,1.181094,0.0,0.0,1.6921301,0.0,0.0,1.1062675,0.0,1.208446,0.0,0.0,0.0,2.2969959,0.0,0.45778012,2.9389849,0.0,0.0,0.0,0.0,2.249898,0.68578744,0.0,1.9501572,1.0265191,1.4431996,0.0,2.4932528,1.4628156,0.7659282
ISIC_0010488,0.68893933,1.0300272,0.869426,0.0,0.0,1.450138,0.0,0.0,0.8408531,0.0,1.2609985,0.0,0.0,0.0,2.0134861,0.0,0.47612667,2.565295,0.0,0.0,0.0,0.0,1.8305694,0.69744015,0.0,1.6384364,1.0621972,1.1288357,0.0,2.0106256,1.2997017,0.6298666
ISIC_0010782,0.0,0.0,0.0,0.0,0.7500888,0.24124563,0.2761178,0.436349,0.0,0.79311997,1.2994626,0.0,0.7884394,0.73978925,0.749246,0.017435431,0.0,0.8376315,0.25859833,0.42537272,0.0,0.24340904,0.9963057,0.27364823,0.40444726,0.33959985,0.9030919,0.0,1.0104609,0.14116973,0.0002516359,0.28213635
ISIC_0011236,0.5619288,0.9018438,0.5526889,0.0,0.0,1.0551441,0.0,0.0,0.5122358,0.0,1.426111,0.0,0.0,0.0,1.7587962,0.0,0.34763727,2.1248965,0.0,0.0,0.0,0.0,1.4201136,0.5382998,0.0,1.2408988,1.0353023,0.7924621,0.0,1.2336059,1.0176013,0.75275105
ISIC_0010885,0.0,0.02666559,0.0,0.0,0.4566809,0.40574455,0.0,0.27971652,0.02008371,0.41786024,1.2885377,0.0,0.5652749,0.6082514,0.76228416,0.012384705,0.0,1.106099,0.14354208,0.35185435,0.0,0.2116696,0.8774808,0.40481398,0.15164128,0.42457896,0.86588705,0.0,0.7755333,0.2932086,0.16328579,0.40666205
ISIC_0010031,0.0,0.0,0.0,0.0,1.0023341,0.09096155,0.5107002,0.555102,0.0,0.97734296,1.1722146,0.0,0.9533923,0.8590404,0.6128552,0.0,0.0,0.6802314,0.36897603,0.5328569,0.0,0.33847773,0.88307005,0.17197126,0.67044145,0.21951324,0.91198003,0.0,1.1776252,0.11050162,0.0,0.09318642
ISIC_0010429,1.0150017,1.1193194,1.0666776,0.0,0.0,1.5032248,0.0,0.0,0.5791124,0.0,1.7275311,0.0,0.0,0.0,2.364232,0.0,0.6232607,2.6262558,0.0,0.0,0.0,0.0,1.991962,0.4969233,0.0,1.9391884,1.2284483,1.1366067,0.0,1.6715412,1.3297962,0.80475694
ISIC_0010685,0.82250404,1.2902825,1.041227,0.0,0.0,1.5038358,0.0,0.0,0.6808678,0.0,1.6237266,0.0,0.0,0.0,2.305694,0.0,0.47959733,2.9897015,0.0,0.0,0.0,0.0,2.1801739,0.5764548,0.0,2.0729997,1.0305113,1.2326719,0.0,1.9845182,1.4434484,0.78996396
ISIC_0010909,0.88044715,1.174649,1.1814876,0.0,0.0,1.7195537,0.0,0.0,1.0843382,0.0,1.2451469,0.0,0.0,0.0,2.3001087,0.0,0.4271868,3.0357594,0.0,0.0,0.0,0.0,2.1338665,0.7369849,0.0,2.0150712,1.0012897,1.4359741,0.0,2.5609803,1.4357699,0.8196272
ISIC_0010325,0.34077448,0.72556627,0.20682646,0.0,0.0,0.7453655,0.0,0.0,0.5641489,0.0,1.2891132,0.0,0.0,0.14790747,1.2393105,0.0,0.27780578,1.6101546,0.0,0.0,0.0,0.0,0.8991071,0.52602893,0.0,0.7656034,0.83125174,0.44839805,0.14842582,0.8812413,0.8211928,0.53300214
ISIC_0010672,0.09575717,0.28378588,0.0,0.0,0.39345586,0.44937664,0.0,0.23777759,0.0,0.17438099,1.5254176,0.0,0.19636056,0.60876274,1.0082996,0.085816,0.07988755,1.0227213,0.0,0.33723938,0.0,0.0,0.59301156,0.30313855,0.0,0.62280583,0.9953761,0.080802605,0.5918863,0.11664195,0.3348766,0.47429973
ISIC_0010768,0.17739227,0.7346057,0.3794861,0.0,0.0,0.8578966,0.0,0.0,0.54132545,0.0,1.2138487,0.0,0.0,0.10290675,1.288676,0.0,0.055955023,1.717267,0.0,0.0,0.0,0.0,0.9802622,0.6161924,0.0,0.8408061,0.90669894,0.4256565,0.2133469,1.026992,0.83323437,0.5658298
